Video,Label
BUISSON_202410170900_D05_clip122_start1038_399_1318_624.mp4,Lying
BUISSON_202410161200_D04_clip22_start477_576_1039_964.mp4,Feeding
BUISSON_202410161200_D04_clip28_start1333_488_1537_650.mp4,Lying
BUISSON_202410161200_D04_clip54_start1180_311_1332_457.mp4,Walking
BUISSON_202410170900_D05_clip184_start1271_481_1494_908.mp4,Feeding
BUISSON_202410170900_D05_clip184_start452_290_657_463.mp4,Standing
BUISSON_202410170900_D05_clip341_start2194_418_2403_553.mp4,Standing
BUISSON_202410171000_D04_clip173_start2114_949_2341_1304.mp4,Feeding
BUISSON_202410171000_D04_clip179_start1297_625_1547_1220.mp4,Feeding
BUISSON_202410171000_D04_clip44_start1972_424_2096_493.mp4,Lying
BUISSON_202410180900_D01_fixed_clip108_start2130_191_2243_352.mp4,Feeding
BUISSON_202410180900_D01_fixed_clip236_start1174_340_1498_695.mp4,Lying
BUISSON_202410180900_D01_fixed_clip247_start1175_344_1502_698.mp4,Lying
BUISSON_202410180900_D02_fixed_clip147_start1886_431_2151_763.mp4,Lying
BUISSON_202410180900_D02_fixed_clip309_start825_450_1137_673.mp4,Lying
BUISSON_202410180900_D04_clip133_start754_443_949_531.mp4,Lying
BUISSON_202410180900_D04_clip329_start302_274_421_324.mp4,Standing
BUISSON_202410181000_D02_fixed_clip183_start1147_426_1501_699.mp4,Lying
BUISSON_202410181000_D02_fixed_clip312_start1342_191_1438_243.mp4,Standing
BUISSON_202410181000_D02_fixed_clip312_start1705_390_1822_450.mp4,Lying
BUISSON_202410181000_D02_fixed_clip349_start375_400_619_770.mp4,Standing
BUISSON_202410181300_D04_clip208_start1263_670_1918_1034.mp4,Walking
BUISSON_202410181300_D05_clip311_start2230_566_2525_1168.mp4,Feeding
BUISSON_202410181300_D05_clip32_start2062_326_2322_563.mp4,Walking
BUISSON_202410181300_D05_clip349_start46_566_322_943.mp4,Feeding
BUISSON_202410181400_D05_clip317_start348_316_613_447.mp4,Standing
BUISSON_202410181500_D01_fixed_clip171_start354_320_762_620.mp4,Lying
BUISSON_202410181500_D01_fixed_clip210_start1395_136_1510_274.mp4,Standing
BUISSON_202410181500_D01_fixed_clip335_start737_146_815_223.mp4,Feeding
BUISSON_202410190900_D02_fixed_clip248_start1459_173_1541_300.mp4,Feeding
BUISSON_202410190900_D02_fixed_clip340_start1572_180_1654_300.mp4,Feeding
BUISSON_202410190900_D02_fixed_clip340_start417_461_610_636.mp4,Lying
BUISSON_202410190900_D02_fixed_clip47_start1804_174_1893_344.mp4,Feeding
BUISSON_202410190900_D02_fixed_clip67_start527_330_630_453.mp4,Walking
BUISSON_202410191000_D03_clip292_start464_608_649_707.mp4,Lying
BUISSON_202410191000_D03_clip87_start1622_470_1919_821.mp4,Walking
BUISSON_202410191000_D05_clip140_start654_535_859_1053.mp4,Feeding
BUISSON_202410191000_D05_clip246_start658_412_850_555.mp4,Lying
BUISSON_202410191000_D05_clip347_start2427_456_2559_612.mp4,Walking
BUISSON_202410191000_D06_clip235_start1361_205_1515_392.mp4,Feeding
BUISSON_202410191100_D03_clip470_start1105_714_1296_1149.mp4,Feeding
BUISSON_202410191100_D04_clip218_start363_499_685_920.mp4,Feeding
BUISSON_202410191100_D06_clip260_start1762_171_1863_284.mp4,Feeding
BUISSON_202410191200_D03_clip441_start1892_720_2165_1235.mp4,Feeding
BUISSON_202410191400_D04_clip129_start1538_406_1661_735.mp4,Standing
BUISSON_202410191400_D04_clip203_start1975_401_2139_520.mp4,Standing
BUISSON_202410200900_D01_fixed_clip111_start0_1081_513_1439.mp4,Lying
BUISSON_202410200900_D02_fixed_clip135_start161_469_318_599.mp4,Lying
BUISSON_202410200900_D03_clip143_start2136_476_2266_790.mp4,Standing
BUISSON_202410200900_D03_clip168_start1951_459_2142_793.mp4,Standing
BUISSON_202410200900_D03_clip236_start1935_636_2142_1087.mp4,Feeding
BUISSON_202410200900_D03_clip295_start879_391_1082_475.mp4,Standing
BUISSON_202410200900_D03_clip314_start480_596_599_714.mp4,Lying
BUISSON_202410200900_D03_clip34_start1946_456_2142_703.mp4,Standing
BUISSON_202410201000_D04_clip273_start2108_435_2266_554.mp4,Lying
BUISSON_202410201400_D04_clip126_start1148_291_1260_345.mp4,Lying
BUISSON_202410201400_D04_clip126_start2109_501_2368_793.mp4,Standing
BUISSON_202410201400_D04_clip200_start1327_513_1456_648.mp4,Lying
BUISSON_202410201400_D04_clip200_start58_481_314_760.mp4,Feeding
BUISSON_202410201400_D04_clip225_start2409_785_2559_950.mp4,Walking
BUISSON_202410201400_D04_clip354_start1356_387_1506_660.mp4,Standing
BUISSON_202410201400_D04_clip95_start729_372_987_601.mp4,Standing
BUISSON_202410210900_D02_fixed_clip256_start1557_171_1700_220.mp4,Feeding
BUISSON_202410210900_D02_fixed_clip56_start1385_185_1483_348.mp4,Feeding
BUISSON_202410211000_D02_fixed_clip106_start951_233_1037_359.mp4,Feeding
BUISSON_202410211100_D01_fixed_clip40_start882_330_1242_580.mp4,Lying
BUISSON_202410211100_D03_clip205_start1618_531_1759_718.mp4,Lying
BUISSON_202410211100_D03_clip205_start597_600_1014_774.mp4,Standing
BUISSON_202410211100_D03_clip233_start2085_715_2399_1003.mp4,Standing
BUISSON_202410211100_D03_clip237_start2230_540_2381_726.mp4,Lying
BUISSON_202410211100_D03_clip237_start419_656_628_952.mp4,Feeding
BUISSON_202410211100_D04_clip152_start1000_564_1308_1009.mp4,Feeding
BUISSON_202410211100_D04_clip15_start1182_373_1358_485.mp4,Standing
BUISSON_202410211100_D04_clip249_start2093_449_2327_615.mp4,Walking
BUISSON_202410211100_D04_clip267_start2419_591_2552_777.mp4,Lying
BUISSON_202410211100_D04_clip267_start53_450_142_519.mp4,Standing
BUISSON_202410211100_D04_clip286_start754_570_1232_889.mp4,Standing
BUISSON_202410211100_D06_clip118_start241_496_344_692.mp4,Feeding
BUISSON_202410211200_D05_clip332_start1920_285_2113_528.mp4,Standing
BUISSON_202410211200_D05_clip332_start864_530_1285_960.mp4,Feeding
BUISSON_202410211300_D01_fixed_clip151_start1774_487_2488_942.mp4,Standing
BUISSON_202410211300_D01_fixed_clip250_start194_235_255_310.mp4,Feeding
BUISSON_202410211300_D01_fixed_clip48_start472_415_1412_886.mp4,Walking
BUISSON_202410211300_D06_clip388_start301_404_497_653.mp4,Walking
BUISSON_202410211400_D06_clip181_start1493_266_1725_383.mp4,Standing
BUISSON_202410211400_D06_clip62_start1348_201_1529_329.mp4,Standing
BUISSON_202410211600_D02_fixed_clip95_start1978_180_2088_365.mp4,Feeding
BUISSON_202410211600_D03_clip200_start1619_531_1759_724.mp4,Lying
BUISSON_202410211600_D03_clip200_start1947_590_2128_739.mp4,Lying
BUISSON_202410211600_D03_clip200_start681_406_807_558.mp4,Standing
BUISSON_202410211600_D03_clip230_start1187_511_1402_714.mp4,Lying
BUISSON_202410220900_D03_clip120_start667_401_744_460.mp4,Lying
BUISSON_202410220900_D03_clip266_start1209_501_1381_700.mp4,Lying
BUISSON_202410220900_D06_clip401_start688_351_816_465.mp4,Feeding
BUISSON_202410221000_D06_clip120_start1382_280_1481_406.mp4,Standing
BUISSON_202410221000_D06_clip215_start1697_1119_2169_1439.mp4,Walking
BUISSON_202410221000_D06_clip215_start369_525_645_828.mp4,Scratching
BUISSON_202410221000_D06_clip228_start147_640_651_1274.mp4,Standing
BUISSON_202410221100_D02_fixed_clip154_start447_391_648_638.mp4,Walking
BUISSON_202410221300_D01_fixed_clip161_start1502_125_1593_203.mp4,Feeding
BUISSON_202410221300_D01_fixed_clip165_start1813_983_2559_1439.mp4,Lying
BUISSON_202410221300_D01_fixed_clip217_start880_1029_1597_1435.mp4,Lying
BUISSON_202410221300_D01_fixed_clip60_start37_275_169_374.mp4,Standing
BUISSON_202410230900_D03_clip216_start1573_703_1900_1160.mp4,Feeding
BUISSON_202410230900_D03_clip216_start223_594_588_747.mp4,Standing
BUISSON_202410230900_D03_clip54_start1681_655_1991_1069.mp4,Standing
BUISSON_202410231000_D01_fixed_clip62_start150_237_256_320.mp4,Feeding
BUISSON_202410231000_D01_fixed_clip78_start1176_271_1360_388.mp4,Lying
BUISSON_202410231100_D01_fixed_clip164_start1821_135_1917_255.mp4,Feeding
BUISSON_202410231100_D01_fixed_clip167_start2249_358_2434_610.mp4,Lying
BUISSON_202410231100_D01_fixed_clip282_start740_136_888_293.mp4,Feeding
BUISSON_202410231100_D06_clip289_start1591_616_1967_909.mp4,Lying
BUISSON_202410231100_D06_clip289_start1753_174_1890_235.mp4,Feeding
BUISSON_202410231500_D06_clip267_start1946_202_2029_284.mp4,Standing
BUISSON_202410231500_D06_clip94_start267_460_400_629.mp4,Feeding
BUISSON_202410241100_D01_fixed_clip345_start124_226_229_378.mp4,Feeding
BUISSON_202410241200_D05_clip374_start1987_540_2228_1134.mp4,Feeding
BUISSON_202410241200_D05_clip409_start570_503_931_891.mp4,Feeding
BUISSON_202410241400_D04_clip140_start153_404_228_469.mp4,Lying
BUISSON_202410241400_D04_clip225_start541_338_737_544.mp4,Standing
BUISSON_202410250900_D03_clip267_start2102_569_2273_753.mp4,Lying
BUISSON_202410250900_D04_clip154_start588_510_768_865.mp4,Feeding
BUISSON_202410251000_D02_fixed_clip137_start657_275_728_349.mp4,Walking
BUISSON_202410251000_D02_fixed_clip198_start1477_381_1959_486.mp4,Lying
BUISSON_202410251000_D02_fixed_clip305_start1003_369_1296_494.mp4,Lying
BUISSON_202410251100_D05_clip273_start107_386_257_548.mp4,Scratching
BUISSON_202410251100_D05_clip76_start1290_392_1509_555.mp4,Lying
BUISSON_202410251100_D05_clip76_start843_402_1004_562.mp4,Lying
BUISSON_202410251100_D05_clip84_start813_505_978_1056.mp4,Feeding
BUISSON_202410251200_D04_clip216_start1717_595_2175_866.mp4,Walking
BUISSON_202410251600_D05_clip193_start388_424_746_578.mp4,Standing
BUISSON_202410251600_D05_clip222_start147_474_297_592.mp4,Scratching
BUISSON_202410260900_D01_fixed_clip110_start1208_131_1396_353.mp4,Standing
BUISSON_202410261000_D03_clip119_start907_387_1052_553.mp4,Standing
BUISSON_202410261000_D03_clip126_start888_384_1085_550.mp4,Standing
BUISSON_202410261000_D03_clip152_start2018_541_2273_720.mp4,Lying
BUISSON_202410261000_D03_clip207_start2089_501_2214_732.mp4,Standing
BUISSON_202410261000_D03_clip252_start739_585_886_746.mp4,Lying
BUISSON_202410261000_D03_clip344_start554_415_631_476.mp4,Lying
BUISSON_202410261000_D03_clip97_start2303_720_2559_1047.mp4,Feeding
BUISSON_202410261100_D03_clip307_start914_336_993_469.mp4,Standing
BUISSON_202410261100_D03_clip95_start2258_574_2399_726.mp4,Lying
BUISSON_202410261200_D01_fixed_clip189_start1110_106_1180_243.mp4,Feeding
BUISSON_202410261300_D04_clip130_start1557_457_1713_562.mp4,Lying
BUISSON_202410261300_D04_clip33_start1341_446_1538_665.mp4,Lying
BUISSON_202410261300_D04_clip3_start548_230_666_304.mp4,Standing
BUISSON_202410261500_D04_clip237_start2206_743_2441_1152.mp4,Feeding
BUISSON_202410261500_D04_clip315_start1510_641_1750_1108.mp4,Feeding
BUISSON_202410261500_D04_clip335_start2129_955_2318_1343.mp4,Feeding
BUISSON_202410271200_D03_clip140_start2267_371_2441_489.mp4,Standing
BUISSON_202410271200_D03_clip150_start2321_484_2559_644.mp4,Standing
BUISSON_202410271200_D05_clip160_start1259_225_1351_346.mp4,Standing
BUISSON_202410271200_D05_clip90_start564_255_729_384.mp4,Standing
BUISSON_202410271500_D03_clip218_start2081_555_2230_629.mp4,Lying
BUISSON_202410280900_D06_clip39_start342_435_459_665.mp4,Feeding
BUISSON_202410281000_D04_clip331_start160_467_386_827.mp4,Feeding
BUISSON_202410281000_D06_clip201_start933_267_1146_400.mp4,Standing
BUISSON_202410281000_D06_clip27_start1207_226_1307_299.mp4,Feeding
BUISSON_202410281000_D06_clip32_start1582_591_1839_843.mp4,Lying
BUISSON_202410281000_D06_clip32_start259_609_656_803.mp4,Standing
BUISSON_202410281100_D02_fixed_clip32_start1519_1212_2006_1439.mp4,Lying
BUISSON_202410281100_D06_clip73_start1208_471_1552_609.mp4,Lying
BUISSON_202410281100_D06_clip89_start1716_415_2078_825.mp4,Walking
BUISSON_202410281400_D03_clip135_start1011_462_1191_713.mp4,Standing
BUISSON_202410281400_D03_clip318_start1992_484_2146_595.mp4,Lying
BUISSON_202410281600_D02_fixed_clip13_start1618_460_1944_808.mp4,Lying
BUISSON_202410281600_D02_fixed_clip205_start1652_191_1724_295.mp4,Feeding
BUISSON_202410281600_D02_fixed_clip245_start1944_380_2131_529.mp4,Lying
BUISSON_202410281600_D02_fixed_clip356_start0_597_146_729.mp4,Standing
BUISSON_202410281600_D02_fixed_clip35_start1218_376_1593_885.mp4,Standing
BUISSON_202410281600_D02_fixed_clip58_start710_260_978_365.mp4,Standing
BUISSON_202410291000_D01_fixed_clip356_start1173_336_1519_618.mp4,Lying
BUISSON_202410291000_D01_fixed_clip97_start1111_107_1230_235.mp4,Feeding
COPTIERE_202502051000_D01_clip193_start1467_236_1516_344.mp4,Feeding
COPTIERE_202502051000_D01_clip193_start90_312_156_468.mp4,Feeding
COPTIERE_202502051100_D03_clip0_start1410_439_1460_525.mp4,Feeding
COPTIERE_202502051100_D03_clip177_start1940_472_2030_538.mp4,Standing
COPTIERE_202502051100_D03_clip257_start1679_430_1758_511.mp4,Walking
COPTIERE_202502051100_D03_clip270_start339_629_494_779.mp4,Standing
COPTIERE_202502051100_D04_clip283_start1387_266_1698_697.mp4,Lying
COPTIERE_202502051100_D04_clip5_start1284_132_1512_196.mp4,Lying
COPTIERE_202502051200_D03_clip210_start1204_724_1494_983.mp4,Lying
COPTIERE_202502051200_D03_clip265_start1612_665_1909_835.mp4,Lying
COPTIERE_202502051200_D03_clip326_start1965_694_2105_777.mp4,Lying
COPTIERE_202502051200_D03_clip346_start2123_590_2267_706.mp4,Lying
COPTIERE_202502051300_D02_clip185_start756_465_904_620.mp4,Lying
COPTIERE_202502051300_D02_clip312_start295_475_355_548.mp4,Standing
COPTIERE_202502051400_D02_clip22_start0_1185_786_1439.mp4,Lying
COPTIERE_202502051400_D02_clip241_start429_364_637_609.mp4,Standing
COPTIERE_202502051400_D02_clip309_start2098_280_2541_760.mp4,Lying
COPTIERE_202502051400_D02_clip99_start126_817_421_979.mp4,Lying
COPTIERE_202502051500_D01_clip141_start399_531_915_1043.mp4,Lying
COPTIERE_202502051500_D01_clip53_start764_234_887_378.mp4,Feeding
COPTIERE_202502061100_D02_clip168_start2023_143_2309_248.mp4,Lying
COPTIERE_202502061200_D02_clip5_start1672_362_2116_746.mp4,Lying
COPTIERE_202502061200_D02_clip99_start2073_187_2300_244.mp4,Lying
COPTIERE_202502061400_D02_clip143_start804_610_1236_1439.mp4,Standing
COPTIERE_202502061400_D02_clip337_start2027_36_2141_229.mp4,Walking
COPTIERE_202502061500_D01_clip12_start354_273_578_421.mp4,Standing
COPTIERE_202502071200_D02_clip307_start1711_253_2219_723.mp4,Lying
COPTIERE_202502071300_D03_clip1_start2056_381_2131_429.mp4,Feeding
COPTIERE_202502071300_D03_clip227_start2244_434_2400_523.mp4,Standing
COPTIERE_202502071300_D03_clip273_start1344_645_1590_927.mp4,Standing
COPTIERE_202502071300_D05_clip183_start1803_645_1952_773.mp4,Lying
COPTIERE_202502071400_D04_clip131_start178_340_610_809.mp4,Lying
COPTIERE_202502071400_D04_clip344_start0_261_388_670.mp4,Standing
COPTIERE_202502071400_D04_clip45_start0_441_78_703.mp4,Lying
COPTIERE_202502071500_D01_clip485_start79_329_163_470.mp4,Feeding
COPTIERE_202502071600_D04_clip414_start790_156_1040_650.mp4,Standing
COPTIERE_202502071600_D04_clip457_start997_116_1162_226.mp4,Lying
COPTIERE_202502081200_D02_clip319_start783_435_914_585.mp4,Lying
COPTIERE_202502081200_D04_clip113_start1000_305_1455_675.mp4,Lying
COPTIERE_202502081200_D04_clip150_start1252_167_1799_644.mp4,Standing
COPTIERE_202502081200_D04_clip23_start1036_258_1458_684.mp4,Other
COPTIERE_202502081200_D04_clip302_start1708_51_1824_206.mp4,Standing
COPTIERE_202502081200_D04_clip315_start1750_353_2036_672.mp4,Lying
COPTIERE_202502081200_D04_clip355_start2398_159_2528_254.mp4,Standing
COPTIERE_202502081200_D04_clip355_start402_177_539_274.mp4,Lying
COPTIERE_202502081200_D04_clip359_start1464_177_1802_694.mp4,Standing
COPTIERE_202502081200_D04_clip359_start402_156_540_241.mp4,Lying
COPTIERE_202502081600_D02_clip179_start1760_272_2220_785.mp4,Lying
COPTIERE_202502081600_D02_clip27_start1368_729_2559_1439.mp4,Standing
COPTIERE_202502081600_D02_clip27_start2019_21_2386_173.mp4,Standing
COPTIERE_202502091000_D03_clip136_start1522_670_1697_866.mp4,Lying
COPTIERE_202502091000_D03_clip202_start1690_646_1923_794.mp4,Lying
COPTIERE_202502091000_D04_clip132_start2041_249_2318_714.mp4,Standing
COPTIERE_202502091000_D04_clip132_start480_220_709_773.mp4,Standing
COPTIERE_202502091000_D04_clip144_start2283_451_2559_719.mp4,Lying
COPTIERE_202502091000_D04_clip270_start1947_104_2039_191.mp4,Lying
COPTIERE_202502091000_D04_clip330_start779_141_1031_229.mp4,Lying
COPTIERE_202502091500_D01_clip522_start394_518_916_1010.mp4,Lying
COPTIERE_202502091500_D02_clip6_start979_200_1084_289.mp4,Standing
COPTIERE_202502101200_D01_clip208_start2435_471_2559_578.mp4,Lying
COPTIERE_202502101200_D01_clip290_start709_234_875_384.mp4,Feeding
COPTIERE_202502101200_D01_clip296_start1228_184_1472_475.mp4,Feeding
COPTIERE_202502101200_D01_clip38_start1359_225_1457_344.mp4,Feeding
COPTIERE_202502101200_D01_clip40_start1288_226_1358_339.mp4,Feeding
COPTIERE_202502101200_D01_clip90_start2438_460_2559_578.mp4,Lying
COPTIERE_202502101200_D03_clip298_start905_609_1020_693.mp4,Lying
COPTIERE_202502101200_D03_clip44_start1000_775_1226_1044.mp4,Lying
COPTIERE_202502101200_D04_clip213_start17_434_243_694.mp4,Lying
COPTIERE_202502101200_D04_clip216_start1963_350_2226_757.mp4,Lying
COPTIERE_202502101300_D02_clip199_start535_375_696_572.mp4,Standing
COPTIERE_202502101300_D02_clip27_start745_431_907_595.mp4,Lying
COPTIERE_202502101300_D02_clip27_start98_746_380_881.mp4,Lying
COPTIERE_202502101300_D02_clip330_start2249_54_2399_204.mp4,Feeding
COPTIERE_202502101300_D02_clip84_start2011_66_2276_206.mp4,Standing
COPTIERE_202502101300_D02_clip84_start57_835_393_1004.mp4,Lying
COPTIERE_202502101400_D04_clip102_start748_270_1119_683.mp4,Lying
COPTIERE_202502101500_D01_clip226_start1709_246_1997_366.mp4,Standing
COPTIERE_202502101500_D05_clip139_start212_289_275_539.mp4,Feeding
COPTIERE_202502101600_D01_clip53_start150_534_489_1079.mp4,Lying
COPTIERE_202502101600_D02_clip112_start1493_335_1875_702.mp4,Lying
COPTIERE_202502101600_D02_clip115_start44_860_496_1104.mp4,Lying
COPTIERE_202502110900_D02_clip119_start2479_66_2559_188.mp4,Feeding
COPTIERE_202502110900_D02_clip152_start2484_67_2559_177.mp4,Feeding
COPTIERE_202502111100_D03_clip265_start1362_679_1669_856.mp4,Lying
COPTIERE_202502111100_D03_clip347_start1576_642_1746_829.mp4,Lying
COPTIERE_202502111400_D05_clip272_start2038_677_2276_784.mp4,Lying
COPTIERE_202502111500_D01_clip482_start419_596_915_1118.mp4,Lying
COPTIERE_202502111500_D04_clip299_start1965_87_2158_224.mp4,Standing
COPTIERE_202502111600_D06_clip13_start1431_857_1517_946.mp4,Standing
COPTIERE_202502120900_D03_clip135_start1151_444_1218_533.mp4,Feeding
COPTIERE_202502120900_D03_clip317_start884_480_950_595.mp4,Feeding
COPTIERE_202502120900_D03_clip334_start1503_661_1731_819.mp4,Lying
COPTIERE_202502120900_D03_clip65_start46_648_114_715.mp4,Feeding
COPTIERE_202502120900_D04_clip46_start1725_193_2027_680.mp4,Standing
COPTIERE_202502121000_D02_clip200_start1444_337_1879_705.mp4,Lying
COPTIERE_202502121000_D02_clip59_start461_506_534_553.mp4,Lying
COPTIERE_202502121100_D06_clip43_start301_656_403_815.mp4,Standing
COPTIERE_202502121400_D01_clip103_start719_234_817_380.mp4,Feeding
COPTIERE_202502121400_D02_clip517_start1030_1071_2559_1439.mp4,Walking
COPTIERE_202502121400_D02_clip517_start1200_305_1703_703.mp4,Lying
COPTIERE_202502121400_D02_clip52_start1878_72_2043_189.mp4,Standing
COPTIERE_202502121400_D03_clip124_start0_706_57_842.mp4,Walking
COPTIERE_202502121400_D03_clip134_start1289_422_1377_480.mp4,Feeding
COPTIERE_202502121400_D03_clip44_start1723_451_1847_515.mp4,Lying
COPTIERE_202502121500_D01_clip535_start241_321_365_440.mp4,Standing
COPTIERE_202502121500_D02_clip288_start2369_170_2532_288.mp4,Lying
COPTIERE_202502121600_D05_clip171_start1199_746_1350_876.mp4,Standing
COPTIERE_202502131300_D03_clip17_start1422_700_1731_975.mp4,Walking
COPTIERE_202502131300_D03_clip283_start1559_386_1633_457.mp4,Feeding
COPTIERE_202502131400_D04_clip183_start1422_294_1734_713.mp4,Lying
COPTIERE_202502131400_D04_clip325_start1422_282_1783_700.mp4,Lying
COPTIERE_202502131400_D04_clip51_start0_350_202_599.mp4,Lying
COPTIERE_202502131400_D04_clip81_start791_168_1002_663.mp4,Standing
COPTIERE_202502131400_D05_clip15_start1533_517_1959_709.mp4,Standing
COPTIERE_202502131400_D05_clip189_start569_559_702_723.mp4,Lying
COPTIERE_202502131500_D02_clip96_start1498_71_1805_303.mp4,Standing
COPTIERE_202502131600_D02_clip141_start1608_110_1689_203.mp4,Feeding
COPTIERE_202502131600_D02_clip259_start2055_67_2252_198.mp4,Feeding
COPTIERE_202502131600_D06_clip244_start640_829_887_916.mp4,Lying
COPTIERE_202502141000_D01_clip188_start571_255_647_398.mp4,Feeding
COPTIERE_202502141100_D03_clip318_start137_658_270_820.mp4,Walking
COPTIERE_202502141100_D03_clip320_start1757_564_1962_710.mp4,Lying
COPTIERE_202502141100_D03_clip340_start222_600_310_719.mp4,Feeding
COPTIERE_202502141100_D03_clip366_start1031_749_1301_945.mp4,Lying
COPTIERE_202502141100_D03_clip474_start1192_458_1376_573.mp4,Scratching
COPTIERE_202502141100_D03_clip474_start1264_677_1591_864.mp4,Lying
COPTIERE_202502141100_D03_clip71_start1604_605_1850_728.mp4,Lying
COPTIERE_202502141300_D02_clip277_start908_411_1420_870.mp4,Walking
COPTIERE_202502141400_D06_clip98_start1335_645_1518_781.mp4,Lying
COPTIERE_202502141500_D01_clip484_start0_631_343_1045.mp4,Lying
COPTIERE_202502141600_D03_clip23_start987_759_1295_1040.mp4,Lying
COPTIERE_202502141600_D03_clip80_start1940_485_2066_657.mp4,Standing
COPTIERE_202502151000_D02_clip4_start1453_334_1870_745.mp4,Lying
COPTIERE_202502151000_D02_clip4_start2425_61_2516_194.mp4,Feeding
COPTIERE_202502151000_D04_clip109_start969_285_1438_777.mp4,Lying
COPTIERE_202502151000_D04_clip5_start1990_406_2291_722.mp4,Lying
COPTIERE_202502151000_D06_clip270_start1301_651_1500_890.mp4,Standing
COPTIERE_202502151200_D04_clip112_start1484_181_1866_639.mp4,Standing
COPTIERE_202502151200_D04_clip205_start1782_63_1909_180.mp4,Lying
COPTIERE_202502151200_D04_clip222_start500_164_746_254.mp4,Lying
COPTIERE_202502151200_D04_clip345_start422_301_946_670.mp4,Lying
COPTIERE_202502151300_D04_clip258_start1314_349_1899_818.mp4,Lying
COPTIERE_202502151300_D04_clip394_start1423_351_1902_808.mp4,Lying
COPTIERE_202502151300_D04_clip539_start0_517_916_1149.mp4,Standing
COPTIERE_202502151400_D03_clip306_start1253_677_1550_850.mp4,Lying
COPTIERE_202502151400_D03_clip392_start268_965_462_1259.mp4,Lying
COPTIERE_202502151400_D03_clip539_start849_724_1061_1084.mp4,Standing
COPTIERE_202502151400_D04_clip213_start1396_325_1894_808.mp4,Lying
COPTIERE_202502170900_D02_clip105_start2412_9_2479_156.mp4,Feeding
COPTIERE_202502171200_D01_clip216_start498_360_781_485.mp4,Lying
COPTIERE_202502171400_D04_clip238_start738_144_993_230.mp4,Lying
COPTIERE_202502171400_D04_clip256_start1521_33_1669_203.mp4,Standing
COPTIERE_202502171400_D04_clip66_start722_140_993_231.mp4,Lying
COPTIERE_202502171500_D01_clip12_start446_261_586_389.mp4,Feeding
COPTIERE_202502171500_D01_clip232_start1663_245_1740_342.mp4,Feeding
COPTIERE_202502171500_D03_clip46_start943_450_1021_557.mp4,Feeding
CORDEMAIS_202403201000_D01_clip161_start1305_746_1944_1439.mp4,Lying
CORDEMAIS_202403201000_D01_clip236_start1303_737_1892_1439.mp4,Lying
CORDEMAIS_202403201000_D06_clip31_start107_598_306_839.mp4,Standing
CORDEMAIS_202403201100_D06_clip124_start1868_496_1998_802.mp4,Standing
CORDEMAIS_202403201100_D06_clip161_start772_517_987_643.mp4,Lying
CORDEMAIS_202403201300_D06_clip172_start230_695_738_1192.mp4,Standing
CORDEMAIS_202403201300_D08_clip97_start515_384_664_534.mp4,Standing
CORDEMAIS_202403201500_D02_clip208_start1454_221_1559_290.mp4,Lying
CORDEMAIS_202403201500_D03_clip157_start1521_205_1659_327.mp4,Feeding
CORDEMAIS_202403201500_D03_clip323_start1157_416_1527_629.mp4,Lying
CORDEMAIS_202403201500_D08_clip140_start1234_364_1490_538.mp4,Lying
CORDEMAIS_202403210900_D03_clip22_start1175_120_1280_225.mp4,Feeding
CORDEMAIS_202403210900_D03_clip65_start455_856_923_1059.mp4,Lying
CORDEMAIS_202403211000_D05_clip20_start1241_70_1324_157.mp4,Feeding
CORDEMAIS_202403211300_D05_clip193_start1547_381_1920_746.mp4,Lying
CORDEMAIS_202403211300_D05_clip56_start888_159_1206_408.mp4,Standing
CORDEMAIS_202403211300_D08_clip70_start2100_420_2239_534.mp4,Lying
CORDEMAIS_202403211500_D08_clip177_start591_360_890_540.mp4,Standing
CORDEMAIS_202403221200_D03_clip170_start1071_306_1280_591.mp4,Lying
CORDEMAIS_202403221300_D08_clip49_start621_434_827_609.mp4,Lying
CORDEMAIS_202403221400_D05_clip317_start615_100_888_306.mp4,Standing
CORDEMAIS_202403221500_D03_clip64_start1902_307_2116_533.mp4,Standing
CORDEMAIS_202403230900_D02_clip137_start2257_419_2430_625.mp4,Lying
CORDEMAIS_202403230900_D06_clip30_start695_746_955_914.mp4,Lying
CORDEMAIS_202403230900_D06_clip30_start864_515_951_588.mp4,Lying
CORDEMAIS_202403230900_D08_clip27_start2287_390_2559_578.mp4,Walking
CORDEMAIS_202403231400_D05_clip124_start819_197_1008_382.mp4,Lying
CORDEMAIS_202403231400_D05_clip164_start1163_207_1324_292.mp4,Lying
CORDEMAIS_202403231400_D05_clip9_start259_546_1109_1031.mp4,Standing
CORDEMAIS_202403231500_D02_clip130_start1465_887_2386_1439.mp4,Walking
CORDEMAIS_202403241000_D02_clip205_start1668_345_1830_429.mp4,Lying
CORDEMAIS_202403241100_D05_clip214_start1409_100_1590_223.mp4,Feeding
CORDEMAIS_202403241500_D08_clip1_start2214_409_2427_569.mp4,Lying
CORDEMAIS_202403241600_D02_clip47_start1273_584_1857_1213.mp4,Scratching
CORDEMAIS_202403241600_D02_clip68_start1671_214_1741_272.mp4,Lying
CORDEMAIS_202403250900_D01_clip117_start627_105_1262_1288.mp4,Standing
CORDEMAIS_202403250900_D06_clip79_start2079_396_2230_514.mp4,Standing
CORDEMAIS_202403251000_D08_clip256_start610_492_738_589.mp4,Lying
CORDEMAIS_202403251200_D05_clip160_start337_681_1337_1375.mp4,Standing
CORDEMAIS_202403251200_D08_clip248_start532_443_706_594.mp4,Lying
CORDEMAIS_202403251200_D08_clip276_start632_516_964_950.mp4,Feeding
CORDEMAIS_202403251300_D02_clip113_start1039_156_1237_349.mp4,Standing
CORDEMAIS_202403251300_D02_clip139_start2428_366_2559_576.mp4,Standing
CORDEMAIS_202403251400_D03_clip111_start1478_181_1552_308.mp4,Feeding
CORDEMAIS_202403251400_D03_clip171_start781_1218_1220_1439.mp4,Lying
CORDEMAIS_202403251400_D03_clip202_start943_76_1038_130.mp4,Feeding
CORDEMAIS_202403251400_D08_clip18_start1587_219_1671_362.mp4,Standing
CORDEMAIS_202403251600_D03_clip123_start1148_140_1316_234.mp4,Walking
CORDEMAIS_202403251600_D03_clip33_start854_111_1003_163.mp4,Standing
CORDEMAIS_202403251600_D03_clip98_start1575_213_1659_347.mp4,Feeding
CORDEMAIS_202403261200_D05_clip114_start290_840_1022_1188.mp4,Lying
CORDEMAIS_202403261200_D05_clip146_start265_849_1047_1194.mp4,Lying
CORDEMAIS_202403261200_D05_clip303_start255_849_1046_1204.mp4,Lying
CORDEMAIS_202403261300_D05_clip197_start212_847_1048_1205.mp4,Lying
CORDEMAIS_202403261300_D05_clip250_start24_226_374_379.mp4,Standing
CORDEMAIS_202403261300_D05_clip250_start766_222_1097_375.mp4,Lying
CORDEMAIS_202403270900_D03_clip28_start284_416_673_692.mp4,Standing
CORDEMAIS_202403270900_D03_clip87_start2159_515_2381_735.mp4,Walking
CORDEMAIS_202403270900_D05_clip44_start201_630_819_939.mp4,Lying
CORDEMAIS_202403270900_D05_clip85_start648_124_807_254.mp4,Standing
CORDEMAIS_202403270900_D08_clip132_start43_495_163_621.mp4,Standing
CORDEMAIS_202403270900_D08_clip154_start764_353_915_587.mp4,Standing
CORDEMAIS_202403270900_D08_clip52_start436_494_578_560.mp4,Lying
CORDEMAIS_202403270900_D08_clip9_start239_655_417_894.mp4,Feeding
CORDEMAIS_202403270900_D08_clip9_start588_436_941_700.mp4,Standing
CORDEMAIS_202403271300_D06_clip189_start2381_446_2541_538.mp4,Lying
CORDEMAIS_202403280900_D08_clip172_start941_425_1119_538.mp4,Lying
CORDEMAIS_202403280900_D08_clip20_start1768_349_1963_525.mp4,Lying
CORDEMAIS_202403280900_D08_clip39_start1442_366_1963_570.mp4,Walking
CORDEMAIS_202403281000_D01_clip192_start2244_0_2559_381.mp4,Lying
CORDEMAIS_202403281300_D03_clip68_start267_444_489_574.mp4,Lying
CORDEMAIS_202403291200_D05_clip113_start2276_380_2507_535.mp4,Standing
CORDEMAIS_202403291200_D05_clip43_start2124_715_2435_1038.mp4,Lying
CORDEMAIS_202403291200_D05_clip43_start390_630_1367_1370.mp4,Standing
CORDEMAIS_202403291200_D05_clip52_start1030_174_1129_255.mp4,Lying
CORDEMAIS_202403291200_D05_clip52_start1217_64_1386_174.mp4,Feeding
CORDEMAIS_202403291200_D05_clip71_start745_272_966_424.mp4,Lying
CORDEMAIS_202403291200_D06_clip115_start38_610_183_704.mp4,Lying
CORDEMAIS_202403291300_D08_clip0_start2088_377_2282_541.mp4,Lying
CORDEMAIS_202403291300_D08_clip23_start1085_415_1216_543.mp4,Lying
CORDEMAIS_202403291300_D08_clip25_start1328_501_1537_996.mp4,Feeding
CORDEMAIS_202403291400_D08_clip212_start2223_384_2559_774.mp4,Walking
CORDEMAIS_202403291400_D08_clip60_start702_290_798_439.mp4,Walking
CORDEMAIS_202403291500_D05_clip67_start2072_327_2267_607.mp4,Standing
CORDEMAIS_202403301000_D06_clip229_start629_510_839_670.mp4,Lying
CORDEMAIS_202403301600_D06_clip188_start1652_422_1725_601.mp4,Standing
CORDEMAIS_202403301600_D06_clip222_start2122_501_2205_590.mp4,Lying
CORDEMAIS_202403310900_D07_clip107_start2240_624_2559_910.mp4,Walking
CORDEMAIS_202403311000_D01_clip87_start1421_0_1781_216.mp4,Lying
CORDEMAIS_202403311000_D03_clip158_start827_274_1079_411.mp4,Lying
CORDEMAIS_202403311000_D03_clip28_start808_274_986_409.mp4,Lying
CORDEMAIS_202403311100_D06_clip163_start622_800_1020_1149.mp4,Lying
CORDEMAIS_202403311400_D05_clip142_start100_354_344_534.mp4,Lying
CORDEMAIS_202403311500_D03_clip165_start1022_87_1146_153.mp4,Feeding
CORDEMAIS_202403311500_D03_clip211_start218_589_572_831.mp4,Lying
CORDEMAIS_202403311500_D05_clip56_start90_356_355_530.mp4,Lying
CORDEMAIS_202404010900_D06_clip208_start240_590_380_818.mp4,Walking
CORDEMAIS_202404010900_D06_clip50_start1652_416_1719_522.mp4,Standing
CORDEMAIS_202404010900_D06_clip61_start1314_534_1805_851.mp4,Drinking
CORDEMAIS_202404010900_D06_clip61_start95_595_291_695.mp4,Lying
CORDEMAIS_202404010900_D06_clip61_start961_810_1269_1159.mp4,Lying
CORDEMAIS_202404010900_D08_clip16_start2418_495_2559_795.mp4,Feeding
CORDEMAIS_202404011000_D08_clip55_start1137_348_1337_424.mp4,Lying
CORDEMAIS_202404011100_D02_clip118_start2143_221_2230_290.mp4,Standing
CORDEMAIS_202404011100_D06_clip85_start0_795_121_1075.mp4,Lying
CORDEMAIS_202404011500_D05_clip145_start1798_489_2172_919.mp4,Lying
CORDEMAIS_202404020900_D08_clip113_start2099_370_2248_529.mp4,Lying
CORDEMAIS_202404021200_D05_clip239_start1732_221_1856_340.mp4,Feeding
CORDEMAIS_202404021200_D05_clip67_start307_659_808_988.mp4,Lying
CORDEMAIS_202404021200_D05_clip78_start299_659_812_984.mp4,Lying
CORDEMAIS_202404021400_D08_clip223_start1138_230_1275_379.mp4,Standing
CORDEMAIS_202404021500_D05_clip0_start2301_370_2395_499.mp4,Feeding
CORDEMAIS_202404021500_D05_clip146_start1272_69_1384_124.mp4,Feeding
CORDEMAIS_202404021500_D05_clip146_start1751_166_1858_287.mp4,Feeding
CORDEMAIS_202404021500_D07_clip176_start2318_615_2479_947.mp4,Walking
CORDEMAIS_202404030900_D08_clip180_start1734_357_1965_524.mp4,Lying
CORDEMAIS_202404030900_D08_clip22_start0_586_247_874.mp4,Feeding
CORDEMAIS_202404030900_D08_clip35_start1243_395_1466_539.mp4,Lying
CORDEMAIS_202404030900_D08_clip50_start1272_297_1464_558.mp4,Standing
CORDEMAIS_202404031100_D03_clip106_start1601_510_2115_828.mp4,Scratching
CORDEMAIS_202404031100_D03_clip181_start204_213_353_294.mp4,Standing
CORDEMAIS_202404031100_D05_clip1_start1840_209_1981_328.mp4,Feeding
CORDEMAIS_202404031100_D05_clip236_start295_769_1057_1158.mp4,Lying
CORDEMAIS_202404031200_D02_clip185_start1853_517_2066_733.mp4,Lying
CORDEMAIS_202404031400_D03_clip28_start323_651_744_924.mp4,Lying
CORDEMAIS_202404031500_D02_clip151_start1213_295_1403_549.mp4,Drinking
CORDEMAIS_202404041100_D02_clip147_start161_637_950_1108.mp4,Scratching
CORDEMAIS_202404050900_D02_clip10_start1720_290_2107_845.mp4,Standing
CORDEMAIS_202404051200_D08_clip164_start2484_397_2559_528.mp4,Lying
CORDEMAIS_202404051200_D08_clip215_start1053_277_1188_376.mp4,Lying
CORDEMAIS_202404051400_D08_clip18_start1272_490_1518_960.mp4,Feeding
CORDEMAIS_202404051400_D08_clip224_start436_392_665_591.mp4,Standing
CORDEMAIS_202404060900_D03_clip215_start1103_449_1387_649.mp4,Lying
CORDEMAIS_202404061200_D06_clip12_start1077_426_1194_645.mp4,Standing
CORDEMAIS_202404061400_D02_clip147_start1209_210_1358_334.mp4,Lying
CORDEMAIS_202404061400_D02_clip21_start1080_216_1250_345.mp4,Lying
CORDEMAIS_202404070900_D06_clip109_start1530_470_1671_540.mp4,Standing
CORDEMAIS_202404070900_D06_clip215_start1782_450_2014_637.mp4,Walking
CORDEMAIS_202404070900_D08_clip161_start1048_346_1200_454.mp4,Lying
CORDEMAIS_202404071000_D08_clip217_start684_531_870_878.mp4,Feeding
CORDEMAIS_202404071200_D02_clip77_start1798_220_1874_270.mp4,Lying
CORDEMAIS_202404071200_D02_clip77_start2213_509_2389_638.mp4,Lying
CORDEMAIS_202404071200_D06_clip43_start1036_657_1230_814.mp4,Lying
CORDEMAIS_202404071300_D08_clip104_start1032_291_1153_374.mp4,Lying
CORDEMAIS_202404071300_D08_clip158_start1761_277_1958_550.mp4,Standing
CORDEMAIS_202404071400_D03_clip168_start1948_529_2315_894.mp4,Standing
CORDEMAIS_202404071500_D05_clip248_start1483_294_1679_404.mp4,Lying
CORDEMAIS_202404071500_D06_clip134_start292_583_452_734.mp4,Standing
CORDEMAIS_202404080900_D02_clip101_start1460_226_1591_320.mp4,Lying
CORDEMAIS_202404081000_D08_clip66_start1080_352_1278_559.mp4,Lying
CORDEMAIS_202404081100_D08_clip264_start1947_368_2106_544.mp4,Lying
CORDEMAIS_202404081400_D02_clip91_start1004_212_1221_330.mp4,Lying
CORDEMAIS_202404081500_D06_clip80_start0_801_300_1149.mp4,Lying
CORDEMAIS_202404090900_D08_clip122_start2320_390_2559_560.mp4,Lying
CORDEMAIS_202404091000_D06_clip184_start462_570_589_798.mp4,Standing
CORDEMAIS_202404091100_D06_clip142_start381_1035_1527_1439.mp4,Standing
CORDEMAIS_202404091100_D06_clip169_start1331_427_1519_715.mp4,Standing
CORDEMAIS_202404091200_D05_clip19_start1086_309_1321_479.mp4,Lying
CORDEMAIS_202404091200_D05_clip221_start1023_36_1163_129.mp4,Feeding
CORDEMAIS_202404091200_D05_clip221_start1618_465_2026_788.mp4,Lying
CORDEMAIS_202404091200_D05_clip23_start556_1006_1330_1439.mp4,Lying
CORDEMAIS_202404091300_D05_clip118_start1467_300_1679_414.mp4,Lying
CORDEMAIS_202404091300_D05_clip157_start1040_41_1114_115.mp4,Feeding
CORDEMAIS_202404091500_D02_clip195_start2436_369_2559_604.mp4,Walking
CORDEMAIS_202404091600_D07_clip95_start1027_738_1426_1322.mp4,Drinking
CYPRES_202502211300_D06_fixed_clip273_start2058_644_2319_819.mp4,Scratching
CYPRES_202502211300_D06_fixed_clip54_start1884_453_2018_505.mp4,Walking
CYPRES_202502211600_D06_fixed_clip10_start971_600_1210_964.mp4,Walking
CYPRES_202502211600_D06_fixed_clip21_start2105_427_2180_515.mp4,Standing
CYPRES_202502211600_D06_fixed_clip53_start0_480_174_684.mp4,Standing
CYPRES_202502221100_D06_fixed_clip233_start2046_707_2389_995.mp4,Feeding
CYPRES_202502221100_D06_fixed_clip27_start1530_697_1811_1174.mp4,Feeding
CYPRES_202502221100_D06_fixed_clip85_start1302_696_1588_1211.mp4,Feeding
CYPRES_202502221400_D06_fixed_clip113_start1585_714_1741_1209.mp4,Feeding
CYPRES_202502221500_D06_fixed_clip248_start921_475_1049_795.mp4,Standing
CYPRES_202502221600_D06_fixed_clip409_start2143_615_2400_753.mp4,Standing
CYPRES_202502231000_D06_fixed_clip268_start642_446_993_680.mp4,Standing
CYPRES_202502231000_D06_fixed_clip46_start648_451_994_667.mp4,Standing
CYPRES_202502241000_D06_fixed_clip351_start1326_685_1528_1157.mp4,Feeding
CYPRES_202502241100_D03_fixed_clip296_start90_201_195_265.mp4,Feeding
CYPRES_202502241100_D03_fixed_clip56_start932_141_1110_273.mp4,Standing
CYPRES_202502241600_D06_fixed_clip226_start187_391_365_504.mp4,Walking
CYPRES_202502241600_D06_fixed_clip226_start2505_875_2559_996.mp4,Feeding
CYPRES_202502261500_D01_fixed_clip26_start2418_174_2529_299.mp4,Standing
CYPRES_202502271000_D03_fixed_clip107_start2088_245_2318_382.mp4,Scratching
CYPRES_202502271000_D03_fixed_clip189_start538_150_759_280.mp4,Standing
CYPRES_202502271000_D03_fixed_clip44_start543_316_839_561.mp4,Lying
CYPRES_202502271000_D03_fixed_clip88_start781_125_923_210.mp4,Walking
CYPRES_202502271100_D01_fixed_clip11_start1307_1012_1932_1439.mp4,Lying
CYPRES_202502271100_D01_fixed_clip158_start249_527_830_889.mp4,Standing
CYPRES_202502271100_D01_fixed_clip179_start0_794_199_1139.mp4,Scratching
CYPRES_202502271100_D01_fixed_clip33_start1483_66_1597_129.mp4,Feeding
CYPRES_202502271100_D01_fixed_clip33_start467_345_867_719.mp4,Walking
CYPRES_202502271100_D01_fixed_clip342_start1262_228_1475_720.mp4,Standing
CYPRES_202502271400_D03_fixed_clip177_start499_135_617_218.mp4,Feeding
CYPRES_202502271400_D03_fixed_clip177_start693_127_755_215.mp4,Feeding
CYPRES_202502271400_D03_fixed_clip230_start453_350_774_620.mp4,Lying
CYPRES_202502271400_D03_fixed_clip429_start598_250_875_698.mp4,Standing
CYPRES_202502271500_D01_fixed_clip36_start1048_94_1141_253.mp4,Feeding
CYPRES_202502271500_D01_fixed_clip506_start2365_386_2559_601.mp4,Lying
CYPRES_202502271600_D06_fixed_clip160_start108_406_295_532.mp4,Walking
CYPRES_202502271600_D06_fixed_clip194_start818_443_1057_795.mp4,Standing
CYPRES_202502281100_D01_fixed_clip177_start400_620_1236_1053.mp4,Scratching
CYPRES_202502281100_D01_fixed_clip177_start879_356_1217_630.mp4,Lying
CYPRES_202502281100_D06_fixed_clip316_start260_655_513_1089.mp4,Feeding
CYPRES_202502281100_D06_fixed_clip353_start2526_945_2559_1048.mp4,Feeding
CYPRES_202502281400_D03_fixed_clip202_start1053_146_1170_278.mp4,Standing
CYPRES_202502281400_D03_fixed_clip277_start847_140_1075_271.mp4,Standing
CYPRES_202502281400_D03_fixed_clip360_start79_209_266_307.mp4,Standing
CYPRES_202503011000_D01_fixed_clip71_start1169_357_1488_643.mp4,Lying
CYPRES_202503011100_D01_fixed_clip176_start1522_62_1608_166.mp4,Feeding
CYPRES_202503011100_D01_fixed_clip189_start748_126_870_229.mp4,Feeding
CYPRES_202503011100_D01_fixed_clip269_start1981_80_2056_180.mp4,Feeding
CYPRES_202503011100_D01_fixed_clip269_start687_262_904_669.mp4,Standing
CYPRES_202503011100_D01_fixed_clip307_start2348_374_2535_588.mp4,Lying
CYPRES_202503011100_D01_fixed_clip337_start2413_140_2477_259.mp4,Feeding
CYPRES_202503011100_D01_fixed_clip357_start383_1045_906_1439.mp4,Lying
CYPRES_202503011100_D01_fixed_clip40_start849_117_1088_267.mp4,Walking
CYPRES_202503011100_D01_fixed_clip40_start889_276_1058_355.mp4,Lying
CYPRES_202503011100_D01_fixed_clip45_start853_276_1065_358.mp4,Lying
CYPRES_202503011200_D03_fixed_clip277_start2062_398_2211_504.mp4,Lying
CYPRES_202503011200_D03_fixed_clip295_start2133_230_2285_343.mp4,Walking
CYPRES_202503011200_D03_fixed_clip295_start2212_446_2454_963.mp4,Standing
CYPRES_202503011400_D03_fixed_clip224_start1335_157_1632_307.mp4,Standing
CYPRES_202503011400_D03_fixed_clip265_start339_156_408_235.mp4,Feeding
CYPRES_202503011400_D06_fixed_clip179_start1996_924_2133_1105.mp4,Feeding
CYPRES_202503011600_D03_fixed_clip141_start938_355_1163_428.mp4,Lying
CYPRES_202503011600_D03_fixed_clip21_start1129_258_1328_723.mp4,Standing
CYPRES_202503011600_D03_fixed_clip237_start1336_353_1678_702.mp4,Lying
CYPRES_202503011600_D03_fixed_clip237_start489_274_667_745.mp4,Standing
CYPRES_202503011600_D03_fixed_clip258_start132_201_208_276.mp4,Feeding
CYPRES_202503020900_D01_fixed_clip330_start1566_221_1793_594.mp4,Standing
CYPRES_202503021100_D03_fixed_clip171_start2150_325_2375_494.mp4,Lying
CYPRES_202503021100_D03_fixed_clip352_start1210_256_1342_382.mp4,Lying
CYPRES_202503021200_D06_fixed_clip11_start239_397_489_493.mp4,Standing
CYPRES_202503021200_D06_fixed_clip229_start1424_580_1876_810.mp4,Standing
CYPRES_202503031000_D06_fixed_clip280_start2095_720_2370_990.mp4,Feeding
CYPRES_202503031500_D06_fixed_clip40_start1385_685_1563_1182.mp4,Feeding
CYPRES_202503031500_D06_fixed_clip498_start2028_647_2160_763.mp4,Lying
CYPRES_202503031500_D06_fixed_clip84_start123_406_238_529.mp4,Standing
CYPRES_202503041100_D03_fixed_clip114_start2001_492_2282_850.mp4,Lying
CYPRES_202503041100_D03_fixed_clip134_start1636_440_1915_727.mp4,Lying
CYPRES_202503041100_D03_fixed_clip149_start712_118_857_210.mp4,Feeding
CYPRES_202503041100_D03_fixed_clip243_start1966_187_2054_359.mp4,Feeding
CYPRES_202503041100_D03_fixed_clip339_start1837_185_1982_280.mp4,Feeding
CYPRES_202503041100_D03_fixed_clip354_start935_111_1026_209.mp4,Feeding
CYPRES_202503041100_D03_fixed_clip65_start2004_481_2279_845.mp4,Lying
CYPRES_202503041100_D03_fixed_clip74_start711_141_944_261.mp4,Standing
CYPRES_202503041100_D03_fixed_clip80_start1317_116_1443_282.mp4,Feeding
CYPRES_202503041400_D01_fixed_clip182_start1493_208_1670_634.mp4,Standing
CYPRES_202503041400_D01_fixed_clip182_start2038_106_2222_261.mp4,Standing
CYPRES_202503041400_D01_fixed_clip195_start169_321_358_450.mp4,Walking
CYPRES_202503041400_D01_fixed_clip195_start631_150_891_365.mp4,Standing
CYPRES_202503041400_D01_fixed_clip77_start1868_81_2116_162.mp4,Standing
CYPRES_202503041400_D03_fixed_clip181_start236_355_515_553.mp4,Lying
CYPRES_202503041400_D03_fixed_clip216_start690_417_946_658.mp4,Lying
CYPRES_202503041400_D03_fixed_clip253_start168_376_569_698.mp4,Standing
CYPRES_202503041400_D03_fixed_clip253_start2222_253_2344_359.mp4,Feeding
CYPRES_202503041400_D03_fixed_clip334_start2173_271_2340_420.mp4,Scratching
CYPRES_202503041400_D03_fixed_clip334_start409_141_496_228.mp4,Feeding
CYPRES_202503041400_D03_fixed_clip334_start9_291_292_597.mp4,Standing
CYPRES_202503041400_D03_fixed_clip340_start0_303_113_529.mp4,Standing
CYPRES_202503041500_D03_fixed_clip15_start1111_114_1262_270.mp4,Feeding
CYPRES_202503041500_D03_fixed_clip166_start1618_146_1725_309.mp4,Feeding
CYPRES_202503041500_D03_fixed_clip172_start1228_111_1377_273.mp4,Feeding
CYPRES_202503041500_D03_fixed_clip24_start1139_110_1279_214.mp4,Feeding
CYPRES_202503041500_D03_fixed_clip24_start35_897_660_1339.mp4,Lying
CYPRES_202503041500_D06_fixed_clip75_start178_680_581_1018.mp4,Feeding
CYPRES_202503050900_D03_fixed_clip8_start1430_125_1511_282.mp4,Feeding
CYPRES_202503051600_D01_fixed_clip253_start624_370_1030_737.mp4,Lying
CYPRES_202503051600_D01_fixed_clip342_start1774_210_1892_344.mp4,Lying
CYPRES_202503051600_D01_fixed_clip342_start1911_216_2134_334.mp4,Lying
CYPRES_202503051600_D01_fixed_clip65_start449_426_672_694.mp4,Lying
CYPRES_202503061000_D06_fixed_clip37_start1813_699_2175_1155.mp4,Feeding
CYPRES_202503061300_D03_fixed_clip187_start712_119_791_214.mp4,Feeding
CYPRES_202503061300_D03_fixed_clip4_start863_376_1156_685.mp4,Lying
CYPRES_202503061400_D03_fixed_clip102_start781_245_1010_363.mp4,Lying
CYPRES_202503061400_D03_fixed_clip67_start27_305_343_527.mp4,Standing
CYPRES_202503061400_D03_fixed_clip9_start1954_183_2036_349.mp4,Feeding
CYPRES_202503061500_D01_fixed_clip188_start1460_363_1767_652.mp4,Lying
CYPRES_202503070900_D03_fixed_clip116_start1102_365_1405_684.mp4,Lying
CYPRES_202503070900_D03_fixed_clip253_start1324_133_1668_290.mp4,Standing
CYPRES_202503070900_D03_fixed_clip306_start108_270_425_529.mp4,Standing
CYPRES_202503070900_D03_fixed_clip346_start1769_169_1849_329.mp4,Walking
CYPRES_202503071300_D06_fixed_clip312_start1450_688_1792_1189.mp4,Feeding
CYPRES_202503071500_D01_fixed_clip216_start0_575_176_869.mp4,Walking
CYPRES_202503071500_D01_fixed_clip68_start2008_84_2097_222.mp4,Feeding
CYPRES_202503090900_D01_fixed_clip17_start2170_351_2430_632.mp4,Lying
CYPRES_202503090900_D01_fixed_clip306_start160_462_407_756.mp4,Lying
CYPRES_202503091600_D06_fixed_clip117_start1993_578_2238_818.mp4,Scratching
CYPRES_202503091600_D06_fixed_clip419_start1636_679_1989_916.mp4,Standing
CYPRES_202503100900_D03_fixed_clip259_start7_290_248_564.mp4,Standing
CYPRES_202503101000_D01_fixed_clip180_start330_1055_800_1439.mp4,Lying
CYPRES_202503101000_D06_fixed_clip285_start1547_677_1777_1102.mp4,Feeding
CYPRES_202503101000_D06_fixed_clip285_start470_467_807_685.mp4,Standing
CYPRES_202503101100_D01_fixed_clip238_start692_401_950_733.mp4,Lying
CYPRES_202503101300_D06_fixed_clip23_start1707_521_1904_745.mp4,Walking
CYPRES_202503101600_D01_fixed_clip137_start2154_365_2386_597.mp4,Lying
CYPRES_202503101600_D01_fixed_clip238_start1116_375_1464_678.mp4,Lying
CYPRES_202503101600_D01_fixed_clip309_start861_148_1072_350.mp4,Standing
CYPRES_202503110900_D03_fixed_clip428_start862_369_1168_643.mp4,Lying
CYPRES_202503111000_D03_fixed_clip307_start1326_391_1689_745.mp4,Lying
CYPRES_202503111100_D01_fixed_clip181_start2452_180_2559_301.mp4,Standing
CYPRES_202503111100_D01_fixed_clip230_start725_136_1010_271.mp4,Standing
CYPRES_202503120900_D01_fixed_clip322_start1041_89_1137_126.mp4,Feeding
CYPRES_202503120900_D01_fixed_clip79_start387_329_697_700.mp4,Standing
CYPRES_202503121200_D06_fixed_clip114_start2197_726_2423_1118.mp4,Feeding
CYPRES_202503121200_D06_fixed_clip131_start1604_658_1769_973.mp4,Standing
CYPRES_202503121200_D06_fixed_clip93_start1658_700_1943_1103.mp4,Feeding
SAULAIE_202503151200_D04_fixed_clip17_start669_263_797_355.mp4,Lying
SAULAIE_202503151200_D04_fixed_clip313_start1732_782_2131_1289.mp4,Feeding
SAULAIE_202503151200_D04_fixed_clip321_start2383_370_2451_460.mp4,Standing
SAULAIE_202503151300_D02_fixed_clip179_start418_267_700_513.mp4,Lying
SAULAIE_202503151300_D08_fixed_clip16_start1483_205_1572_294.mp4,Lying
SAULAIE_202503151300_D08_fixed_clip16_start1785_451_1955_700.mp4,Lying
SAULAIE_202503151400_D02_fixed_clip301_start1599_533_2221_875.mp4,Lying
SAULAIE_202503151400_D02_fixed_clip47_start1567_761_2321_1085.mp4,Lying
SAULAIE_202503151500_D03_fixed_clip132_start1369_317_1511_404.mp4,Lying
SAULAIE_202503151500_D03_fixed_clip327_start1588_326_1827_423.mp4,Lying
SAULAIE_202503151500_D03_fixed_clip327_start230_190_378_308.mp4,Standing
SAULAIE_202503151500_D03_fixed_clip335_start1077_297_1216_403.mp4,Lying
SAULAIE_202503151500_D03_fixed_clip335_start1837_341_1950_437.mp4,Lying
SAULAIE_202503151600_D01_fixed_clip129_start1889_586_2172_984.mp4,Lying
SAULAIE_202503151600_D01_fixed_clip18_start2009_855_2559_1369.mp4,Standing
SAULAIE_202503151600_D01_fixed_clip267_start1711_220_1814_363.mp4,Feeding
SAULAIE_202503151600_D01_fixed_clip34_start1563_560_1911_1025.mp4,Lying
SAULAIE_202503151600_D01_fixed_clip34_start2186_286_2347_434.mp4,Feeding
SAULAIE_202503151600_D01_fixed_clip7_start2319_629_2559_968.mp4,Lying
SAULAIE_202503151600_D08_fixed_clip297_start553_435_702_654.mp4,Standing
SAULAIE_202503151600_D08_fixed_clip87_start1750_170_1811_293.mp4,Standing
SAULAIE_202503161100_D01_fixed_clip103_start1730_406_1928_593.mp4,Lying
SAULAIE_202503161100_D01_fixed_clip103_start338_556_655_973.mp4,Lying
SAULAIE_202503161100_D01_fixed_clip145_start928_540_1257_1075.mp4,Lying
SAULAIE_202503161100_D01_fixed_clip315_start1528_248_1678_411.mp4,Standing
SAULAIE_202503161100_D03_fixed_clip253_start2043_386_2220_584.mp4,Standing
SAULAIE_202503161200_D03_fixed_clip220_start657_294_824_614.mp4,Standing
SAULAIE_202503161200_D03_fixed_clip277_start1298_478_1475_716.mp4,Lying
SAULAIE_202503161200_D03_fixed_clip96_start40_616_338_903.mp4,Walking
SAULAIE_202503161300_D01_fixed_clip249_start1178_201_1254_350.mp4,Feeding
SAULAIE_202503161300_D03_fixed_clip152_start1714_205_1839_322.mp4,Standing
SAULAIE_202503161300_D03_fixed_clip307_start1016_456_1307_709.mp4,Lying
SAULAIE_202503161600_D01_fixed_clip104_start1197_206_1270_349.mp4,Feeding
SAULAIE_202503161600_D01_fixed_clip60_start1850_411_2040_558.mp4,Lying
SAULAIE_202503170900_D03_fixed_clip370_start517_208_610_442.mp4,Standing
SAULAIE_202503171300_D08_fixed_clip275_start2135_495_2291_699.mp4,Lying
SAULAIE_202503171300_D08_fixed_clip354_start1476_206_1556_286.mp4,Lying
SAULAIE_202503171300_D08_fixed_clip43_start1738_218_1835_299.mp4,Lying
SAULAIE_202503181000_D01_fixed_clip331_start1849_408_2092_553.mp4,Lying
SAULAIE_202503181000_D04_fixed_clip294_start303_840_845_1423.mp4,Feeding
SAULAIE_202503181000_D04_fixed_clip398_start2402_654_2559_764.mp4,Walking
SAULAIE_202503181300_D02_fixed_clip85_start1631_747_2391_1163.mp4,Lying
SAULAIE_202503181400_D01_fixed_clip112_start1693_266_1943_404.mp4,Standing
SAULAIE_202503181400_D01_fixed_clip226_start1681_376_1851_501.mp4,Lying
SAULAIE_202503181400_D01_fixed_clip297_start1708_213_1812_360.mp4,Feeding
SAULAIE_202503181400_D01_fixed_clip410_start303_549_702_984.mp4,Lying
SAULAIE_202503181400_D03_fixed_clip25_start1060_440_1313_770.mp4,Lying
SAULAIE_202503181400_D03_fixed_clip299_start502_115_711_283.mp4,Standing
SAULAIE_202503181400_D03_fixed_clip2_start141_899_436_1413.mp4,Feeding
SAULAIE_202503181600_D04_fixed_clip113_start2348_517_2500_578.mp4,Standing
SAULAIE_202503181600_D04_fixed_clip113_start464_513_700_784.mp4,Lying
SAULAIE_202503181600_D04_fixed_clip113_start607_267_738_350.mp4,Lying
SAULAIE_202503181600_D04_fixed_clip20_start141_516_287_689.mp4,Lying
SAULAIE_202503181600_D04_fixed_clip301_start481_391_655_503.mp4,Lying
SAULAIE_202503181600_D04_fixed_clip96_start2002_547_2157_742.mp4,Lying
SAULAIE_202503190900_D08_fixed_clip51_start404_484_639_719.mp4,Lying
SAULAIE_202503191100_D04_fixed_clip308_start2027_784_2329_1018.mp4,Feeding
SAULAIE_202503191100_D04_fixed_clip58_start1840_776_2163_1290.mp4,Feeding
SAULAIE_202503191300_D04_fixed_clip202_start1547_818_1920_1414.mp4,Feeding
SAULAIE_202503191400_D01_fixed_clip229_start1689_221_1803_359.mp4,Feeding
SAULAIE_202503191400_D01_fixed_clip346_start2295_298_2407_453.mp4,Feeding
SAULAIE_202503191600_D02_fixed_clip5_start1592_770_2338_1179.mp4,Lying
SAULAIE_202503191600_D04_fixed_clip114_start682_255_776_369.mp4,Lying
SAULAIE_202503191600_D04_fixed_clip339_start2040_512_2184_814.mp4,Standing
SAULAIE_202503200900_D02_fixed_clip240_start899_20_1099_131.mp4,Lying
SAULAIE_202503200900_D02_fixed_clip72_start899_20_1073_131.mp4,Lying
SAULAIE_202503200900_D04_fixed_clip30_start2087_437_2257_524.mp4,Lying
SAULAIE_202503200900_D04_fixed_clip30_start512_234_605_353.mp4,Standing
SAULAIE_202503200900_D04_fixed_clip30_start893_569_1292_855.mp4,Standing
SAULAIE_202503200900_D04_fixed_clip34_start116_777_531_1073.mp4,Feeding
SAULAIE_202503201100_D01_fixed_clip50_start701_225_768_345.mp4,Feeding
SAULAIE_202503201100_D04_fixed_clip196_start674_265_798_349.mp4,Lying
SAULAIE_202503201300_D02_fixed_clip348_start1747_141_1920_279.mp4,Lying
SAULAIE_202503201300_D02_fixed_clip348_start470_236_861_418.mp4,Lying
SAULAIE_202503201400_D08_fixed_clip109_start1344_330_1553_418.mp4,Lying
SAULAIE_202503201400_D08_fixed_clip175_start1330_340_1542_419.mp4,Lying
SAULAIE_202503201400_D08_fixed_clip175_start2076_410_2330_667.mp4,Standing
SAULAIE_202503201400_D08_fixed_clip175_start526_260_612_359.mp4,Lying
SAULAIE_202503201400_D08_fixed_clip60_start511_530_789_806.mp4,Lying
SAULAIE_202503201600_D08_fixed_clip483_start1022_477_1323_754.mp4,Lying
SAULAIE_202503211100_D02_fixed_clip144_start998_45_1120_129.mp4,Lying
SAULAIE_202503211300_D03_fixed_clip222_start13_446_129_675.mp4,Drinking
SAULAIE_202503211300_D03_fixed_clip397_start31_596_217_824.mp4,Walking
SAULAIE_202503211500_D02_fixed_clip130_start523_241_854_399.mp4,Lying
SAULAIE_202503211500_D02_fixed_clip279_start281_369_567_689.mp4,Lying
SAULAIE_202503220900_D03_fixed_clip185_start1954_501_2163_701.mp4,Lying
SAULAIE_202503220900_D03_fixed_clip336_start1953_361_2130_460.mp4,Lying
SAULAIE_202503220900_D03_fixed_clip336_start880_446_1100_751.mp4,Lying
SAULAIE_202503220900_D03_fixed_clip39_start20_477_146_811.mp4,Drinking
SAULAIE_202503220900_D03_fixed_clip54_start1364_218_1531_418.mp4,Standing
SAULAIE_202503220900_D03_fixed_clip90_start596_130_711_286.mp4,Standing
SAULAIE_202503221100_D04_fixed_clip354_start2241_775_2500_1215.mp4,Feeding
SAULAIE_202503221100_D04_fixed_clip38_start1987_430_2097_495.mp4,Lying
SAULAIE_202503221400_D04_fixed_clip220_start170_515_399_755.mp4,Lying
SAULAIE_202503221400_D04_fixed_clip304_start2080_526_2221_694.mp4,Lying
SAULAIE_202503221500_D02_fixed_clip220_start152_424_668_818.mp4,Lying
SAULAIE_202503221500_D02_fixed_clip290_start0_213_73_384.mp4,Feeding
SAULAIE_202503221500_D02_fixed_clip70_start0_733_339_1154.mp4,Lying
SAULAIE_202503230900_D02_fixed_clip146_start1591_219_1971_349.mp4,Lying
SAULAIE_202503230900_D02_fixed_clip310_start840_16_1123_118.mp4,Lying
SAULAIE_202503230900_D02_fixed_clip339_start1608_787_2276_1134.mp4,Lying
SAULAIE_202503230900_D03_fixed_clip159_start1670_491_1901_727.mp4,Lying
SAULAIE_202503230900_D03_fixed_clip197_start2012_556_2125_708.mp4,Lying
SAULAIE_202503230900_D03_fixed_clip346_start941_145_1072_224.mp4,Standing
SAULAIE_202503231100_D02_fixed_clip148_start339_329_765_505.mp4,Lying
SAULAIE_202503231100_D04_fixed_clip257_start1537_505_1733_719.mp4,Lying
SAULAIE_202503231100_D04_fixed_clip298_start1539_515_1732_719.mp4,Lying
SAULAIE_202503240900_D01_fixed_clip63_start213_467_701_958.mp4,Standing
SAULAIE_202503240900_D03_fixed_clip109_start844_140_1048_260.mp4,Standing
SAULAIE_202503240900_D03_fixed_clip34_start2437_523_2559_780.mp4,Walking
SAULAIE_202503240900_D03_fixed_clip71_start1018_791_1283_1439.mp4,Feeding
SAULAIE_202503240900_D03_fixed_clip71_start1604_477_1900_754.mp4,Lying
SAULAIE_202503240900_D04_fixed_clip123_start2296_752_2542_987.mp4,Feeding
SAULAIE_202503240900_D04_fixed_clip184_start310_541_496_762.mp4,Lying
SAULAIE_202503240900_D04_fixed_clip259_start2316_568_2518_718.mp4,Lying
SAULAIE_202503240900_D04_fixed_clip270_start1449_410_1556_509.mp4,Lying
SAULAIE_202503240900_D04_fixed_clip339_start2204_546_2337_716.mp4,Lying
SAULAIE_202503241000_D04_fixed_clip107_start531_225_590_368.mp4,Standing
SAULAIE_202503241000_D04_fixed_clip229_start1427_376_1563_520.mp4,Lying
SAULAIE_202503241000_D04_fixed_clip90_start680_265_788_354.mp4,Lying
SAULAIE_202503251000_D04_fixed_clip108_start754_272_877_350.mp4,Lying
SAULAIE_202503251000_D04_fixed_clip134_start476_275_697_383.mp4,Standing
SAULAIE_202503251000_D04_fixed_clip192_start1421_510_1580_737.mp4,Lying
SAULAIE_202503251000_D04_fixed_clip192_start337_535_471_746.mp4,Lying
SAULAIE_202503251000_D04_fixed_clip206_start1064_252_1188_373.mp4,Drinking
SAULAIE_202503251000_D04_fixed_clip268_start1972_424_2096_498.mp4,Lying
SAULAIE_202503251000_D04_fixed_clip293_start2441_580_2559_719.mp4,Lying
SAULAIE_202503251000_D04_fixed_clip53_start1764_850_2115_1229.mp4,Feeding
SAULAIE_202503251000_D04_fixed_clip62_start756_271_873_350.mp4,Lying
SAULAIE_202503251400_D03_fixed_clip96_start1290_442_1492_724.mp4,Lying
SAULAIE_202503260900_D01_fixed_clip197_start1569_210_1662_358.mp4,Feeding
SAULAIE_202503260900_D01_fixed_clip217_start1708_227_1805_365.mp4,Feeding
SAULAIE_202503260900_D01_fixed_clip217_start1938_243_2051_378.mp4,Feeding
SAULAIE_202503260900_D01_fixed_clip37_start1613_558_1929_993.mp4,Lying
SAULAIE_202503260900_D03_fixed_clip105_start644_221_798_454.mp4,Walking
SAULAIE_202503260900_D03_fixed_clip232_start1627_478_1855_698.mp4,Lying
SAULAIE_202503260900_D08_fixed_clip116_start569_283_650_354.mp4,Lying
SAULAIE_202503260900_D08_fixed_clip227_start1635_340_1805_425.mp4,Lying
SAULAIE_202503260900_D08_fixed_clip28_start1202_505_1430_698.mp4,Lying
SAULAIE_202503271100_D02_fixed_clip346_start640_571_1190_1439.mp4,Walking
BUISSON_202410161200_D04_clip28_start1539_420_1707_660.mp4,Standing
BUISSON_202410170900_D05_clip184_start132_721_246_923.mp4,Feeding
BUISSON_202410170900_D05_clip306_start2120_439_2485_672.mp4,Standing
BUISSON_202410170900_D05_clip355_start1218_519_1577_960.mp4,Feeding
BUISSON_202410170900_D05_clip355_start507_441_772_556.mp4,Walking
BUISSON_202410171000_D04_clip119_start1252_643_1617_1217.mp4,Feeding
BUISSON_202410171000_D04_clip119_start2444_1046_2559_1325.mp4,Feeding
BUISSON_202410171000_D04_clip119_start621_275_809_365.mp4,Standing
BUISSON_202410171000_D04_clip123_start949_385_1203_480.mp4,Lying
BUISSON_202410171000_D04_clip173_start2471_1044_2559_1354.mp4,Feeding
BUISSON_202410171000_D04_clip18_start1812_714_2201_1295.mp4,Feeding
BUISSON_202410171000_D04_clip1_start1388_625_1675_1065.mp4,Feeding
BUISSON_202410171200_D03_clip175_start720_393_863_508.mp4,Standing
BUISSON_202410171300_D02_fixed_clip26_start525_291_673_397.mp4,Walking
BUISSON_202410171400_D04_clip179_start1507_511_1715_695.mp4,Self-grooming
BUISSON_202410171400_D05_clip291_start1314_389_1488_553.mp4,Lying
BUISSON_202410180900_D01_fixed_clip131_start1465_333_1679_586.mp4,Lying
BUISSON_202410180900_D02_fixed_clip432_start1529_1149_1991_1439.mp4,Lying
BUISSON_202410180900_D04_clip274_start1590_539_2045_814.mp4,Walking
BUISSON_202410180900_D04_clip284_start373_421_487_498.mp4,Lying
BUISSON_202410180900_D04_clip49_start720_401_920_600.mp4,Lying
BUISSON_202410181000_D02_fixed_clip149_start1794_214_2000_355.mp4,Standing
BUISSON_202410181000_D02_fixed_clip172_start1138_229_1354_347.mp4,Standing
BUISSON_202410181000_D02_fixed_clip183_start2259_197_2382_303.mp4,Feeding
BUISSON_202410181300_D04_clip28_start1500_651_1704_1250.mp4,Feeding
BUISSON_202410181300_D04_clip417_start2388_816_2559_1138.mp4,Feeding
BUISSON_202410181500_D01_fixed_clip303_start143_224_270_315.mp4,Feeding
BUISSON_202410181500_D01_fixed_clip96_start745_356_1280_754.mp4,Walking
BUISSON_202410181600_D05_clip339_start784_391_1500_645.mp4,Standing
BUISSON_202410190900_D01_fixed_clip35_start404_321_820_626.mp4,Lying
BUISSON_202410190900_D02_fixed_clip264_start2378_240_2488_329.mp4,Standing
BUISSON_202410190900_D02_fixed_clip47_start1495_183_1572_300.mp4,Feeding
BUISSON_202410190900_D02_fixed_clip67_start1012_221_1073_319.mp4,Feeding
BUISSON_202410190900_D02_fixed_clip67_start1199_195_1287_308.mp4,Feeding
BUISSON_202410190900_D06_clip123_start1104_255_1249_452.mp4,Feeding
BUISSON_202410190900_D06_clip123_start1257_230_1390_405.mp4,Feeding
BUISSON_202410190900_D06_clip155_start1505_204_1591_364.mp4,Feeding
BUISSON_202410191000_D03_clip105_start622_556_860_712.mp4,Lying
BUISSON_202410191000_D03_clip241_start1617_548_1751_735.mp4,Lying
BUISSON_202410191000_D03_clip28_start836_535_1134_774.mp4,Lying
BUISSON_202410191000_D03_clip87_start1202_495_1375_548.mp4,Lying
BUISSON_202410191000_D05_clip191_start1128_299_1260_619.mp4,Standing
BUISSON_202410191000_D05_clip328_start653_405_912_565.mp4,Lying
BUISSON_202410191000_D05_clip84_start1300_394_1494_550.mp4,Lying
BUISSON_202410191000_D06_clip345_start1877_161_1937_283.mp4,Feeding
BUISSON_202410191100_D03_clip145_start1973_749_2336_1273.mp4,Feeding
BUISSON_202410191100_D03_clip304_start1732_542_2006_782.mp4,Lying
BUISSON_202410191100_D03_clip470_start1680_571_2080_829.mp4,Standing
BUISSON_202410191100_D06_clip217_start1583_190_1728_316.mp4,Feeding
BUISSON_202410191100_D06_clip307_start822_306_927_455.mp4,Feeding
BUISSON_202410191100_D06_clip322_start2078_159_2128_254.mp4,Feeding
BUISSON_202410191400_D04_clip168_start1693_535_1888_734.mp4,Lying
BUISSON_202410200900_D01_fixed_clip224_start1993_326_2352_619.mp4,Lying
BUISSON_202410200900_D02_fixed_clip199_start594_435_841_611.mp4,Lying
BUISSON_202410200900_D02_fixed_clip55_start61_576_212_765.mp4,Standing
BUISSON_202410200900_D03_clip168_start861_505_1017_704.mp4,Lying
BUISSON_202410200900_D03_clip227_start514_611_852_828.mp4,Walking
BUISSON_202410200900_D03_clip236_start2384_624_2505_738.mp4,Lying
BUISSON_202410200900_D03_clip34_start876_584_1021_708.mp4,Lying
BUISSON_202410201000_D03_clip346_start2311_715_2559_1274.mp4,Feeding
BUISSON_202410201400_D04_clip19_start991_355_1162_668.mp4,Standing
BUISSON_202410201400_D04_clip200_start1444_435_1660_758.mp4,Standing
BUISSON_202410201400_D04_clip95_start2160_510_2310_748.mp4,Standing
BUISSON_202410211000_D02_fixed_clip106_start1486_197_1563_300.mp4,Feeding
BUISSON_202410211100_D01_fixed_clip295_start2116_955_2462_1439.mp4,Lying
BUISSON_202410211100_D03_clip90_start2179_733_2559_1067.mp4,Feeding
BUISSON_202410211100_D06_clip130_start387_455_621_659.mp4,Walking
BUISSON_202410211100_D06_clip28_start703_366_1038_650.mp4,Walking
BUISSON_202410211100_D06_clip415_start152_500_273_708.mp4,Feeding
BUISSON_202410211300_D01_fixed_clip151_start933_135_1034_208.mp4,Feeding
BUISSON_202410211300_D01_fixed_clip75_start187_390_487_750.mp4,Lying
BUISSON_202410211300_D06_clip230_start1369_216_1520_373.mp4,Feeding
BUISSON_202410211600_D03_clip330_start1044_540_1251_700.mp4,Lying
BUISSON_202410211600_D03_clip355_start1044_545_1251_703.mp4,Lying
BUISSON_202410211600_D03_clip44_start809_355_898_501.mp4,Standing
BUISSON_202410220900_D03_clip5_start1809_371_1953_465.mp4,Lying
BUISSON_202410220900_D06_clip401_start162_485_310_775.mp4,Feeding
BUISSON_202410221000_D06_clip120_start1591_219_1847_337.mp4,Standing
BUISSON_202410221000_D06_clip182_start796_304_986_521.mp4,Feeding
BUISSON_202410221000_D06_clip252_start1823_208_1946_313.mp4,Walking
BUISSON_202410221100_D02_fixed_clip154_start2008_185_2098_369.mp4,Feeding
BUISSON_202410221100_D02_fixed_clip64_start132_940_747_1188.mp4,Lying
BUISSON_202410221100_D02_fixed_clip90_start401_435_599_629.mp4,Lying
BUISSON_202410230900_D02_fixed_clip171_start309_459_577_718.mp4,Standing
BUISSON_202410230900_D02_fixed_clip240_start657_276_752_350.mp4,Standing
BUISSON_202410231000_D01_fixed_clip313_start1204_229_1411_796.mp4,Standing
BUISSON_202410231000_D02_fixed_clip215_start987_374_1055_459.mp4,Lying
BUISSON_202410231000_D02_fixed_clip320_start2312_214_2391_291.mp4,Feeding
BUISSON_202410231000_D02_fixed_clip427_start924_220_1038_360.mp4,Feeding
BUISSON_202410231100_D01_fixed_clip282_start1387_265_1577_399.mp4,Other
BUISSON_202410231100_D04_clip18_start1317_444_1537_692.mp4,Lying
BUISSON_202410231100_D04_clip407_start1446_317_1555_416.mp4,Lying
BUISSON_202410231500_D06_clip347_start194_483_309_639.mp4,Feeding
BUISSON_202410231600_D05_clip221_start2347_671_2523_1075.mp4,Feeding
BUISSON_202410231600_D05_clip323_start1128_501_1429_959.mp4,Feeding
BUISSON_202410231600_D05_clip532_start2124_538_2341_949.mp4,Feeding
BUISSON_202410231600_D05_clip532_start968_511_1254_1149.mp4,Feeding
BUISSON_202410241100_D01_fixed_clip206_start1522_145_1668_363.mp4,Standing
BUISSON_202410241100_D01_fixed_clip206_start2239_355_2446_620.mp4,Lying
BUISSON_202410241400_D04_clip140_start1892_550_2042_739.mp4,Lying
BUISSON_202410250900_D03_clip237_start1241_531_1408_729.mp4,Lying
BUISSON_202410251000_D02_fixed_clip348_start178_420_362_609.mp4,Standing
BUISSON_202410251500_D04_clip17_start2483_1045_2559_1368.mp4,Feeding
BUISSON_202410251500_D04_clip247_start1174_445_1334_638.mp4,Lying
BUISSON_202410251500_D04_clip333_start1466_330_1763_466.mp4,Standing
BUISSON_202410251600_D02_fixed_clip425_start191_415_349_604.mp4,Standing
BUISSON_202410261100_D03_clip31_start1095_716_1346_1289.mp4,Feeding
BUISSON_202410261100_D03_clip93_start400_660_691_933.mp4,Feeding
BUISSON_202410261200_D01_fixed_clip268_start2293_286_2559_609.mp4,Standing
BUISSON_202410261200_D01_fixed_clip59_start1124_125_1203_238.mp4,Feeding
BUISSON_202410261300_D04_clip353_start2054_436_2167_539.mp4,Lying
BUISSON_202410261600_D02_fixed_clip126_start897_215_1025_314.mp4,Standing
BUISSON_202410261600_D02_fixed_clip320_start790_361_923_468.mp4,Lying
BUISSON_202410271000_D03_clip121_start2278_705_2496_1134.mp4,Feeding
BUISSON_202410271000_D03_clip67_start1284_698_1509_1274.mp4,Feeding
BUISSON_202410271200_D03_clip143_start2454_950_2552_1204.mp4,Feeding
BUISSON_202410271200_D03_clip273_start2253_614_2409_730.mp4,Lying
BUISSON_202410271200_D03_clip289_start1930_567_2128_875.mp4,Standing
BUISSON_202410271200_D05_clip190_start1921_255_2169_449.mp4,Drinking
BUISSON_202410271200_D05_clip289_start2088_440_2452_700.mp4,Standing
BUISSON_202410271500_D03_clip197_start382_700_655_1174.mp4,Feeding
BUISSON_202410271500_D03_clip218_start1609_691_1785_1092.mp4,Feeding
BUISSON_202410280900_D06_clip273_start1031_272_1177_463.mp4,Feeding
BUISSON_202410280900_D06_clip273_start1739_623_1972_760.mp4,Lying
BUISSON_202410280900_D06_clip273_start46_721_417_925.mp4,Drinking
BUISSON_202410281000_D04_clip325_start1012_355_1186_653.mp4,Standing
BUISSON_202410281000_D06_clip32_start1601_261_1795_374.mp4,Standing
BUISSON_202410281000_D06_clip32_start1693_184_1786_294.mp4,Feeding
BUISSON_202410281000_D06_clip32_start898_571_1143_753.mp4,Lying
BUISSON_202410281100_D02_fixed_clip32_start794_250_1064_433.mp4,Standing
BUISSON_202410281100_D06_clip57_start1682_176_1799_288.mp4,Feeding
BUISSON_202410281400_D03_clip318_start1735_384_1822_548.mp4,Standing
BUISSON_202410281400_D03_clip90_start1619_527_1795_714.mp4,Lying
BUISSON_202410281600_D02_fixed_clip202_start1571_475_1937_756.mp4,Lying
BUISSON_202410281600_D02_fixed_clip35_start153_495_318_643.mp4,Lying
BUISSON_202410281600_D02_fixed_clip35_start298_461_518_638.mp4,Lying
BUISSON_202410281600_D03_clip144_start1357_605_1916_852.mp4,Standing
BUISSON_202410281600_D03_clip144_start2354_572_2538_739.mp4,Lying
BUISSON_202410290900_D03_clip4_start364_686_626_1128.mp4,Feeding
BUISSON_202410291000_D01_fixed_clip10_start887_120_960_249.mp4,Walking
BUISSON_202410291000_D01_fixed_clip356_start1191_136_1383_353.mp4,Standing
COPTIERE_202502050900_D02_clip358_start2437_29_2496_174.mp4,Feeding
COPTIERE_202502050900_D02_clip56_start2026_30_2097_170.mp4,Feeding
COPTIERE_202502051100_D03_clip0_start1521_464_1706_548.mp4,Walking
COPTIERE_202502051100_D03_clip11_start2010_546_2160_734.mp4,Standing
COPTIERE_202502051100_D03_clip147_start1081_775_1314_1033.mp4,Lying
COPTIERE_202502051100_D03_clip147_start1860_617_2106_768.mp4,Lying
COPTIERE_202502051100_D03_clip218_start984_596_1155_680.mp4,Lying
COPTIERE_202502051100_D03_clip222_start1421_731_1675_928.mp4,Lying
COPTIERE_202502051100_D03_clip289_start1159_581_1328_658.mp4,Lying
COPTIERE_202502051100_D04_clip128_start0_382_283_669.mp4,Lying
COPTIERE_202502051200_D03_clip142_start1913_640_2101_778.mp4,Lying
COPTIERE_202502051200_D03_clip185_start562_566_711_716.mp4,Standing
COPTIERE_202502051400_D02_clip131_start0_1185_794_1439.mp4,Lying
COPTIERE_202502051500_D01_clip301_start1794_264_2007_548.mp4,Standing
COPTIERE_202502051600_D04_clip132_start1397_367_1776_706.mp4,Lying
COPTIERE_202502051600_D04_clip200_start1735_330_2087_689.mp4,Lying
COPTIERE_202502051600_D04_clip231_start1003_101_1155_224.mp4,Lying
COPTIERE_202502051600_D04_clip231_start79_747_701_1439.mp4,Standing
COPTIERE_202502051600_D04_clip273_start1552_44_1710_203.mp4,Self-grooming
COPTIERE_202502051600_D04_clip273_start737_309_1225_685.mp4,Lying
COPTIERE_202502051600_D06_clip98_start1284_228_1499_783.mp4,Feeding
COPTIERE_202502060900_D04_clip282_start1317_10_1567_182.mp4,Scratching
COPTIERE_202502061100_D02_clip11_start712_416_898_609.mp4,Lying
COPTIERE_202502061300_D03_clip12_start369_727_480_808.mp4,Lying
COPTIERE_202502061300_D03_clip173_start135_761_281_860.mp4,Lying
COPTIERE_202502061500_D01_clip12_start1237_228_1332_324.mp4,Feeding
COPTIERE_202502061500_D01_clip12_start1351_225_1458_348.mp4,Feeding
COPTIERE_202502061500_D01_clip136_start569_234_781_461.mp4,Standing
COPTIERE_202502061500_D01_clip184_start1210_235_1435_349.mp4,Walking
COPTIERE_202502061500_D01_clip345_start763_220_1014_370.mp4,Standing
COPTIERE_202502071200_D02_clip249_start1717_275_2231_752.mp4,Lying
COPTIERE_202502071300_D03_clip172_start1489_460_1577_539.mp4,Standing
COPTIERE_202502071300_D03_clip1_start11_792_122_903.mp4,Other
COPTIERE_202502071300_D03_clip22_start1913_595_2186_759.mp4,Standing
COPTIERE_202502071300_D03_clip52_start1918_601_2159_759.mp4,Lying
COPTIERE_202502071300_D05_clip66_start98_565_229_696.mp4,Lying
COPTIERE_202502071400_D04_clip349_start1644_46_1769_198.mp4,Standing
COPTIERE_202502071500_D01_clip115_start2213_384_2500_682.mp4,Standing
COPTIERE_202502071500_D01_clip253_start644_240_750_390.mp4,Feeding
COPTIERE_202502071600_D03_clip44_start449_891_626_1159.mp4,Lying
COPTIERE_202502081000_D03_clip152_start2068_582_2214_690.mp4,Lying
COPTIERE_202502081000_D03_clip192_start917_474_1011_588.mp4,Feeding
COPTIERE_202502081200_D04_clip113_start2319_314_2528_680.mp4,Standing
COPTIERE_202502081200_D04_clip302_start1128_282_1461_694.mp4,Lying
COPTIERE_202502081200_D04_clip306_start2246_301_2488_769.mp4,Standing
COPTIERE_202502081200_D04_clip46_start64_214_123_265.mp4,Walking
COPTIERE_202502081500_D01_clip506_start2400_400_2559_544.mp4,Standing
COPTIERE_202502081500_D01_clip522_start117_562_504_1073.mp4,Lying
COPTIERE_202502081600_D02_clip208_start1121_154_1722_637.mp4,Standing
COPTIERE_202502091000_D03_clip134_start845_620_973_713.mp4,Lying
COPTIERE_202502091000_D04_clip232_start1779_15_1910_207.mp4,Other
COPTIERE_202502091000_D04_clip489_start950_319_1458_808.mp4,Lying
COPTIERE_202502091500_D01_clip19_start791_220_1001_424.mp4,Standing
COPTIERE_202502091500_D01_clip483_start1491_232_1805_468.mp4,Standing
COPTIERE_202502091500_D01_clip8_start412_245_682_465.mp4,Standing
COPTIERE_202502101200_D01_clip40_start1181_222_1282_315.mp4,Feeding
COPTIERE_202502101200_D04_clip216_start1693_361_1986_666.mp4,Lying
COPTIERE_202502101200_D04_clip7_start22_432_283_694.mp4,Lying
COPTIERE_202502101400_D04_clip214_start1796_61_2009_216.mp4,Standing
COPTIERE_202502101600_D01_clip58_start579_340_777_465.mp4,Lying
COPTIERE_202502101600_D06_clip236_start890_635_1003_793.mp4,Lying
COPTIERE_202502111100_D03_clip257_start1690_600_1857_783.mp4,Lying
COPTIERE_202502111100_D03_clip257_start1904_569_2115_700.mp4,Lying
COPTIERE_202502111300_D04_clip354_start14_361_350_700.mp4,Lying
COPTIERE_202502111400_D04_clip346_start2214_385_2559_689.mp4,Lying
COPTIERE_202502111400_D05_clip245_start2107_846_2186_918.mp4,Standing
COPTIERE_202502111500_D01_clip65_start204_280_322_440.mp4,Feeding
COPTIERE_202502111500_D04_clip190_start760_264_1126_684.mp4,Lying
COPTIERE_202502111500_D04_clip299_start1240_320_1858_699.mp4,Lying
COPTIERE_202502111500_D04_clip33_start1965_89_2069_234.mp4,Standing
COPTIERE_202502111500_D04_clip56_start0_331_400_719.mp4,Lying
COPTIERE_202502111500_D06_clip40_start794_616_1008_773.mp4,Standing
COPTIERE_202502111600_D06_clip246_start1610_209_1758_689.mp4,Feeding
COPTIERE_202502111600_D06_clip337_start604_666_728_835.mp4,Standing
COPTIERE_202502111600_D06_clip406_start862_675_976_870.mp4,Standing
COPTIERE_202502120900_D03_clip224_start964_591_1099_658.mp4,Lying
COPTIERE_202502120900_D03_clip35_start550_531_614_668.mp4,Feeding
COPTIERE_202502120900_D03_clip65_start800_490_862_597.mp4,Feeding
COPTIERE_202502121000_D02_clip37_start2372_65_2454_213.mp4,Walking
COPTIERE_202502121400_D01_clip272_start0_719_1452_1439.mp4,Standing
COPTIERE_202502121400_D03_clip158_start1117_441_1185_539.mp4,Feeding
COPTIERE_202502121400_D03_clip44_start1529_495_1618_548.mp4,Lying
COPTIERE_202502121500_D02_clip288_start437_395_688_646.mp4,Standing
COPTIERE_202502131300_D03_clip148_start1708_655_1830_811.mp4,Lying
COPTIERE_202502131300_D03_clip89_start1032_741_1271_959.mp4,Lying
COPTIERE_202502131400_D04_clip312_start713_166_1061_666.mp4,Standing
COPTIERE_202502131400_D04_clip325_start748_167_1067_668.mp4,Standing
COPTIERE_202502131400_D05_clip205_start311_315_421_488.mp4,Feeding
COPTIERE_202502131400_D05_clip205_start535_755_642_830.mp4,Standing
COPTIERE_202502131400_D05_clip286_start1314_253_1439_415.mp4,Feeding
COPTIERE_202502131400_D05_clip351_start1613_612_2009_761.mp4,Walking
COPTIERE_202502131500_D01_clip36_start84_325_217_466.mp4,Standing
COPTIERE_202502131600_D02_clip120_start524_386_743_608.mp4,Standing
COPTIERE_202502141000_D01_clip205_start562_255_640_399.mp4,Feeding
COPTIERE_202502141000_D01_clip210_start188_299_282_449.mp4,Feeding
COPTIERE_202502141100_D03_clip340_start1787_569_2003_808.mp4,Standing
COPTIERE_202502141300_D02_clip236_start587_363_786_573.mp4,Standing
COPTIERE_202502141400_D06_clip214_start498_669_738_845.mp4,Standing
COPTIERE_202502141400_D06_clip255_start488_652_775_848.mp4,Standing
COPTIERE_202502141400_D06_clip279_start1133_386_1476_694.mp4,Feeding
COPTIERE_202502141500_D01_clip198_start372_245_497_419.mp4,Feeding
COPTIERE_202502141500_D01_clip265_start775_333_1003_451.mp4,Lying
COPTIERE_202502141500_D01_clip374_start271_276_365_433.mp4,Feeding
COPTIERE_202502141500_D01_clip484_start483_371_763_1000.mp4,Standing
COPTIERE_202502141600_D03_clip143_start1396_586_1511_845.mp4,Standing
COPTIERE_202502151000_D02_clip249_start1243_302_1668_669.mp4,Lying
COPTIERE_202502151000_D04_clip174_start959_305_1443_763.mp4,Lying
COPTIERE_202502151000_D04_clip213_start88_416_267_710.mp4,Lying
COPTIERE_202502151200_D04_clip30_start0_369_275_827.mp4,Lying
COPTIERE_202502151300_D04_clip120_start428_295_927_660.mp4,Lying
COPTIERE_202502151400_D03_clip306_start852_811_1104_1015.mp4,Lying
COPTIERE_202502151400_D04_clip151_start1093_151_1405_688.mp4,Standing
COPTIERE_202502151400_D04_clip151_start1316_351_1901_830.mp4,Lying
COPTIERE_202502151500_D01_clip305_start1590_226_1713_424.mp4,Standing
COPTIERE_202502170900_D03_clip125_start772_480_818_595.mp4,Feeding
COPTIERE_202502170900_D03_clip15_start461_545_518_701.mp4,Feeding
COPTIERE_202502171200_D04_clip180_start1044_270_1476_706.mp4,Lying
COPTIERE_202502171200_D04_clip276_start1051_271_1491_568.mp4,Lying
COPTIERE_202502171400_D04_clip85_start2143_451_2559_834.mp4,Standing
COPTIERE_202502171500_D03_clip140_start1945_500_2079_588.mp4,Lying
CORDEMAIS_202403201000_D06_clip190_start1208_475_1430_599.mp4,Standing
CORDEMAIS_202403201100_D06_clip163_start135_788_513_1188.mp4,Lying
CORDEMAIS_202403201300_D06_clip235_start196_536_312_673.mp4,Standing
CORDEMAIS_202403201300_D08_clip176_start1071_371_1323_549.mp4,Lying
CORDEMAIS_202403201300_D08_clip79_start2312_485_2559_785.mp4,Feeding
CORDEMAIS_202403201500_D02_clip112_start1848_597_2424_1054.mp4,Standing
CORDEMAIS_202403210900_D03_clip218_start770_230_927_374.mp4,Lying
CORDEMAIS_202403210900_D03_clip65_start310_1025_986_1419.mp4,Lying
CORDEMAIS_202403211200_D05_clip194_start1638_386_1926_749.mp4,Lying
CORDEMAIS_202403211300_D08_clip116_start1092_315_1224_537.mp4,Scratching
CORDEMAIS_202403211300_D08_clip58_start1597_376_1796_568.mp4,Lying
CORDEMAIS_202403221000_D05_clip57_start178_359_656_724.mp4,Standing
CORDEMAIS_202403221200_D03_clip179_start1373_344_1547_462.mp4,Lying
CORDEMAIS_202403221200_D03_clip71_start2151_551_2436_802.mp4,Scratching
CORDEMAIS_202403221500_D03_clip102_start905_216_1057_398.mp4,Standing
CORDEMAIS_202403230900_D02_clip154_start1489_162_1618_288.mp4,Standing
CORDEMAIS_202403230900_D06_clip65_start535_532_701_689.mp4,Lying
CORDEMAIS_202403231300_D02_clip160_start2052_588_2460_991.mp4,Walking
CORDEMAIS_202403231300_D06_clip179_start1077_426_1191_587.mp4,Standing
CORDEMAIS_202403241600_D01_clip30_start0_562_390_1008.mp4,Lying
CORDEMAIS_202403250900_D01_clip92_start276_709_1458_1401.mp4,Lying
CORDEMAIS_202403250900_D06_clip100_start641_535_786_660.mp4,Lying
CORDEMAIS_202403251200_D08_clip70_start1947_380_2106_538.mp4,Lying
CORDEMAIS_202403251400_D03_clip170_start1110_408_1492_659.mp4,Lying
CORDEMAIS_202403251400_D03_clip171_start1865_316_1958_413.mp4,Self-grooming
CORDEMAIS_202403251400_D08_clip127_start932_330_1069_567.mp4,Standing
CORDEMAIS_202403261200_D05_clip218_start1725_593_2389_1171.mp4,Walking
CORDEMAIS_202403270900_D05_clip155_start2150_505_2400_683.mp4,Lying
CORDEMAIS_202403270900_D05_clip216_start739_216_1066_399.mp4,Lying
CORDEMAIS_202403270900_D05_clip50_start1000_276_1289_654.mp4,Standing
CORDEMAIS_202403270900_D05_clip91_start1088_46_1268_139.mp4,Feeding
CORDEMAIS_202403270900_D08_clip71_start1430_380_1609_529.mp4,Lying
CORDEMAIS_202403281000_D08_clip20_start1073_387_1259_524.mp4,Lying
CORDEMAIS_202403281400_D01_clip354_start1421_276_2363_1439.mp4,Standing
CORDEMAIS_202403281400_D01_clip74_start0_614_950_1235.mp4,Lying
CORDEMAIS_202403291200_D05_clip113_start530_655_1377_1439.mp4,Standing
CORDEMAIS_202403291200_D06_clip205_start0_791_270_1137.mp4,Lying
CORDEMAIS_202403291200_D06_clip205_start354_745_821_1150.mp4,Lying
CORDEMAIS_202403291300_D08_clip162_start440_503_575_589.mp4,Lying
CORDEMAIS_202403291300_D08_clip214_start1938_300_2123_527.mp4,Standing
CORDEMAIS_202403291500_D05_clip25_start996_761_1974_1238.mp4,Standing
CORDEMAIS_202403311000_D01_clip31_start274_532_954_1294.mp4,Lying
CORDEMAIS_202403311000_D02_clip151_start2383_444_2523_624.mp4,Lying
CORDEMAIS_202403311000_D02_clip90_start1892_436_2177_688.mp4,Self-grooming
CORDEMAIS_202403311000_D03_clip212_start1119_391_1422_659.mp4,Lying
CORDEMAIS_202403311100_D06_clip40_start1350_506_1651_678.mp4,Standing
CORDEMAIS_202403311400_D03_clip1_start846_60_907_134.mp4,Feeding
CORDEMAIS_202403311400_D05_clip142_start860_231_1207_440.mp4,Lying
CORDEMAIS_202403311500_D05_clip107_start1356_392_1784_634.mp4,Lying
CORDEMAIS_202403311500_D05_clip119_start1486_111_1591_221.mp4,Feeding
CORDEMAIS_202403311500_D05_clip137_start1904_490_2163_876.mp4,Lying
CORDEMAIS_202403311500_D05_clip142_start782_136_1006_379.mp4,Standing
CORDEMAIS_202403311500_D05_clip190_start1904_466_2172_879.mp4,Lying
CORDEMAIS_202403311600_D07_clip58_start2178_565_2390_804.mp4,Standing
CORDEMAIS_202404010900_D08_clip16_start1036_485_1248_939.mp4,Feeding
CORDEMAIS_202404011100_D06_clip118_start653_510_842_669.mp4,Lying
CORDEMAIS_202404021200_D05_clip153_start2019_344_2257_588.mp4,Standing
CORDEMAIS_202404021400_D08_clip223_start1646_485_1835_999.mp4,Feeding
CORDEMAIS_202404021400_D08_clip81_start1237_395_1422_548.mp4,Lying
CORDEMAIS_202404021500_D07_clip176_start729_931_1645_1439.mp4,Walking
CORDEMAIS_202404031100_D02_clip130_start1036_254_1170_522.mp4,Standing
CORDEMAIS_202404031200_D02_clip145_start1350_155_1509_284.mp4,Standing
CORDEMAIS_202404031400_D05_clip97_start1587_472_1922_884.mp4,Lying
CORDEMAIS_202404031500_D06_clip112_start393_487_509_610.mp4,Standing
CORDEMAIS_202404051200_D08_clip43_start1099_385_1266_547.mp4,Lying
CORDEMAIS_202404051300_D06_clip243_start356_706_670_1194.mp4,Lying
CORDEMAIS_202404051300_D06_clip81_start1638_491_1892_772.mp4,Standing
CORDEMAIS_202404051400_D06_clip213_start0_800_311_1133.mp4,Lying
CORDEMAIS_202404060900_D03_clip167_start1686_241_1760_375.mp4,Feeding
CORDEMAIS_202404060900_D03_clip215_start1777_278_1919_419.mp4,Feeding
CORDEMAIS_202404060900_D03_clip27_start1771_436_1955_847.mp4,Drinking
CORDEMAIS_202404061000_D08_clip55_start2227_381_2433_550.mp4,Lying
CORDEMAIS_202404061200_D06_clip197_start399_770_648_1180.mp4,Lying
CORDEMAIS_202404061400_D02_clip63_start2237_621_2550_932.mp4,Standing
CORDEMAIS_202404061400_D07_clip190_start707_823_1580_1439.mp4,Drinking
CORDEMAIS_202404070900_D08_clip141_start1077_399_1297_543.mp4,Lying
CORDEMAIS_202404071000_D08_clip217_start1071_371_1331_544.mp4,Lying
CORDEMAIS_202404081000_D08_clip2_start1139_525_1637_975.mp4,Feeding
CORDEMAIS_202404081400_D02_clip74_start998_229_1218_343.mp4,Lying
CORDEMAIS_202404081500_D06_clip9_start1851_453_1947_574.mp4,Lying
CORDEMAIS_202404091000_D06_clip155_start610_798_1014_1154.mp4,Lying
CORDEMAIS_202404091000_D06_clip86_start1643_467_1884_672.mp4,Standing
CORDEMAIS_202404091300_D05_clip131_start613_151_839_311.mp4,Lying
CORDEMAIS_202404091300_D05_clip226_start920_450_1492_978.mp4,Standing
CORDEMAIS_202404091500_D02_clip55_start1227_150_1349_413.mp4,Standing
CORDEMAIS_202404091600_D07_clip116_start2001_741_2559_1163.mp4,Standing
CORDEMAIS_202404091600_D07_clip86_start1982_868_2454_1439.mp4,Standing
CYPRES_202502211300_D06_fixed_clip273_start157_667_391_1158.mp4,Feeding
CYPRES_202502221600_D06_fixed_clip332_start1702_850_1883_1140.mp4,Feeding
CYPRES_202502231000_D06_fixed_clip42_start585_671_866_1078.mp4,Feeding
CYPRES_202502241000_D06_fixed_clip185_start2230_642_2400_779.mp4,Walking
CYPRES_202502241100_D03_fixed_clip253_start1022_128_1189_339.mp4,Standing
CYPRES_202502251600_D06_fixed_clip104_start1874_700_2199_1040.mp4,Feeding
CYPRES_202502251600_D06_fixed_clip39_start1219_570_1429_807.mp4,Standing
CYPRES_202502271000_D03_fixed_clip311_start535_325_827_565.mp4,Lying
CYPRES_202502271100_D01_fixed_clip11_start1972_71_2048_180.mp4,Feeding
CYPRES_202502271100_D01_fixed_clip339_start293_368_641_669.mp4,Lying
CYPRES_202502271100_D01_fixed_clip33_start1724_206_2052_750.mp4,Standing
CYPRES_202502271100_D01_fixed_clip41_start2123_579_2559_1057.mp4,Standing
CYPRES_202502271100_D06_fixed_clip32_start410_450_581_664.mp4,Standing
CYPRES_202502271400_D03_fixed_clip229_start543_355_759_568.mp4,Lying
CYPRES_202502271400_D03_fixed_clip425_start588_251_907_697.mp4,Standing
CYPRES_202502271400_D03_fixed_clip501_start871_145_998_339.mp4,Standing
CYPRES_202502271600_D06_fixed_clip342_start938_495_1180_794.mp4,Standing
CYPRES_202502281100_D06_fixed_clip262_start987_415_1255_552.mp4,Standing
CYPRES_202502281400_D03_fixed_clip135_start215_256_536_540.mp4,Standing
CYPRES_202503011100_D01_fixed_clip272_start2290_656_2559_1090.mp4,Standing
CYPRES_202503011100_D01_fixed_clip296_start2348_371_2559_612.mp4,Lying
CYPRES_202503011100_D01_fixed_clip298_start1311_80_1635_223.mp4,Standing
CYPRES_202503011200_D03_fixed_clip131_start2261_253_2341_346.mp4,Scratching
CYPRES_202503011200_D03_fixed_clip6_start1726_304_1972_836.mp4,Standing
CYPRES_202503011400_D03_fixed_clip286_start0_840_359_1129.mp4,Lying
CYPRES_202503011600_D03_fixed_clip21_start1618_183_1978_323.mp4,Walking
CYPRES_202503011600_D03_fixed_clip21_start61_365_331_578.mp4,Lying
CYPRES_202503011600_D03_fixed_clip315_start991_333_1171_428.mp4,Lying
CYPRES_202503011600_D03_fixed_clip55_start924_323_1172_596.mp4,Lying
CYPRES_202503020900_D01_fixed_clip140_start964_103_1048_258.mp4,Feeding
CYPRES_202503020900_D01_fixed_clip330_start2191_230_2479_667.mp4,Standing
CYPRES_202503020900_D01_fixed_clip475_start349_310_779_773.mp4,Standing
CYPRES_202503021200_D06_fixed_clip54_start632_443_996_674.mp4,Standing
CYPRES_202503021200_D06_fixed_clip9_start570_675_761_994.mp4,Feeding
CYPRES_202503031000_D06_fixed_clip209_start408_669_571_1147.mp4,Feeding
CYPRES_202503031000_D06_fixed_clip237_start1542_714_1737_1030.mp4,Feeding
CYPRES_202503031500_D06_fixed_clip152_start1736_704_1906_1034.mp4,Feeding
CYPRES_202503041100_D03_fixed_clip339_start737_157_915_272.mp4,Standing
CYPRES_202503041400_D01_fixed_clip309_start1179_357_1482_694.mp4,Lying
CYPRES_202503041400_D03_fixed_clip4_start1434_375_1697_678.mp4,Lying
CYPRES_202503041500_D03_fixed_clip255_start61_356_320_534.mp4,Lying
CYPRES_202503041500_D03_fixed_clip353_start32_906_666_1341.mp4,Lying
CYPRES_202503041500_D03_fixed_clip51_start490_143_579_219.mp4,Feeding
CYPRES_202503041500_D06_fixed_clip50_start457_656_826_1143.mp4,Feeding
CYPRES_202503050900_D03_fixed_clip262_start1183_484_1995_1138.mp4,Standing
CYPRES_202503050900_D03_fixed_clip78_start738_261_1217_674.mp4,Standing
CYPRES_202503051100_D01_fixed_clip178_start890_375_1251_720.mp4,Lying
CYPRES_202503051100_D01_fixed_clip301_start10_1037_422_1439.mp4,Lying
CYPRES_202503051100_D01_fixed_clip325_start417_455_688_728.mp4,Lying
CYPRES_202503051600_D01_fixed_clip315_start337_431_534_757.mp4,Lying
CYPRES_202503051600_D01_fixed_clip71_start489_425_674_653.mp4,Lying
CYPRES_202503061000_D03_fixed_clip235_start772_141_1030_268.mp4,Standing
CYPRES_202503061000_D06_fixed_clip246_start542_685_790_1227.mp4,Feeding
CYPRES_202503061000_D06_fixed_clip305_start2452_856_2524_1078.mp4,Feeding
CYPRES_202503061100_D01_fixed_clip219_start424_311_665_722.mp4,Standing
CYPRES_202503061100_D06_fixed_clip43_start141_579_523_792.mp4,Standing
CYPRES_202503061100_D06_fixed_clip86_start164_669_360_965.mp4,Standing
CYPRES_202503061300_D03_fixed_clip248_start108_367_298_524.mp4,Lying
CYPRES_202503061300_D03_fixed_clip53_start827_351_1156_684.mp4,Standing
CYPRES_202503061300_D03_fixed_clip93_start1548_291_1692_420.mp4,Lying
CYPRES_202503061400_D03_fixed_clip102_start370_351_646_551.mp4,Lying
CYPRES_202503061400_D03_fixed_clip148_start667_322_940_613.mp4,Lying
CYPRES_202503061500_D01_fixed_clip267_start621_290_915_379.mp4,Other
CYPRES_202503070900_D03_fixed_clip346_start1477_259_1695_703.mp4,Standing
CYPRES_202503071500_D01_fixed_clip113_start348_483_977_855.mp4,Standing
CYPRES_202503071500_D01_fixed_clip68_start1785_61_1883_232.mp4,Feeding
CYPRES_202503090900_D01_fixed_clip169_start1542_206_1768_625.mp4,Standing
CYPRES_202503090900_D01_fixed_clip306_start1716_344_1981_619.mp4,Lying
CYPRES_202503090900_D01_fixed_clip492_start950_383_1233_675.mp4,Lying
CYPRES_202503090900_D01_fixed_clip498_start2052_87_2258_199.mp4,Feeding
CYPRES_202503091300_D03_fixed_clip232_start1413_393_1666_676.mp4,Lying
CYPRES_202503091300_D03_fixed_clip284_start1502_299_1691_424.mp4,Lying
CYPRES_202503091600_D06_fixed_clip419_start518_665_842_1219.mp4,Feeding
CYPRES_202503100900_D03_fixed_clip182_start1537_120_1618_296.mp4,Feeding
CYPRES_202503100900_D03_fixed_clip218_start1137_114_1289_244.mp4,Feeding
CYPRES_202503101000_D06_fixed_clip101_start0_643_225_1145.mp4,Feeding
CYPRES_202503101000_D06_fixed_clip144_start280_669_719_974.mp4,Feeding
CYPRES_202503101100_D01_fixed_clip238_start1742_343_2318_747.mp4,Standing
CYPRES_202503101100_D01_fixed_clip7_start1200_312_1547_635.mp4,Lying
CYPRES_202503101300_D06_fixed_clip429_start0_822_75_1098.mp4,Feeding
CYPRES_202503101300_D06_fixed_clip97_start1430_499_1553_803.mp4,Standing
CYPRES_202503111100_D01_fixed_clip12_start1276_233_1509_777.mp4,Standing
CYPRES_202503111100_D01_fixed_clip55_start330_425_537_712.mp4,Lying
CYPRES_202503111100_D01_fixed_clip84_start1019_97_1092_209.mp4,Feeding
CYPRES_202503111100_D01_fixed_clip84_start1636_307_2017_594.mp4,Lying
CYPRES_202503111100_D01_fixed_clip8_start671_451_978_743.mp4,Lying
CYPRES_202503111100_D06_fixed_clip165_start2024_710_2441_1095.mp4,Feeding
CYPRES_202503111400_D01_fixed_clip315_start408_219_568_298.mp4,Walking
CYPRES_202503120900_D01_fixed_clip233_start135_509_532_970.mp4,Walking
CYPRES_202503121200_D06_fixed_clip23_start852_487_1189_797.mp4,Scratching
SAULAIE_202503151200_D04_fixed_clip232_start1588_501_1741_727.mp4,Lying
SAULAIE_202503151300_D02_fixed_clip148_start1467_548_2240_943.mp4,Lying
SAULAIE_202503151300_D02_fixed_clip165_start1542_1069_2302_1439.mp4,Lying
SAULAIE_202503151300_D08_fixed_clip16_start1507_311_1687_462.mp4,Lying
SAULAIE_202503151400_D02_fixed_clip282_start38_270_602_670.mp4,Standing
SAULAIE_202503151500_D03_fixed_clip155_start1398_316_1511_408.mp4,Lying
SAULAIE_202503151500_D03_fixed_clip155_start1501_135_1633_289.mp4,Standing
SAULAIE_202503151600_D08_fixed_clip198_start1022_799_1408_1318.mp4,Feeding
SAULAIE_202503161100_D01_fixed_clip65_start908_515_1264_1012.mp4,Lying
SAULAIE_202503161100_D03_fixed_clip253_start987_106_1076_269.mp4,Walking
SAULAIE_202503161200_D03_fixed_clip220_start129_861_390_1263.mp4,Feeding
SAULAIE_202503161200_D03_fixed_clip277_start1039_868_1307_1439.mp4,Feeding
SAULAIE_202503161200_D03_fixed_clip277_start280_875_542_1439.mp4,Feeding
SAULAIE_202503161200_D03_fixed_clip96_start129_316_433_535.mp4,Standing
SAULAIE_202503161300_D01_fixed_clip216_start1609_456_1909_1003.mp4,Standing
SAULAIE_202503161300_D03_fixed_clip208_start1624_330_1781_428.mp4,Lying
SAULAIE_202503161300_D03_fixed_clip288_start1622_482_1900_689.mp4,Lying
SAULAIE_202503161600_D01_fixed_clip347_start1636_215_1716_356.mp4,Feeding
SAULAIE_202503171300_D08_fixed_clip304_start1880_221_2017_318.mp4,Walking
SAULAIE_202503181000_D01_fixed_clip50_start1251_380_1494_535.mp4,Lying
SAULAIE_202503181300_D02_fixed_clip145_start1631_744_2381_1155.mp4,Lying
SAULAIE_202503181300_D02_fixed_clip222_start76_605_600_951.mp4,Lying
SAULAIE_202503181300_D02_fixed_clip358_start1343_171_2022_530.mp4,Standing
SAULAIE_202503181300_D02_fixed_clip358_start1611_747_2391_1210.mp4,Lying
SAULAIE_202503181300_D02_fixed_clip96_start1538_1065_2304_1439.mp4,Lying
SAULAIE_202503181400_D03_fixed_clip263_start1640_442_1860_747.mp4,Lying
SAULAIE_202503181600_D04_fixed_clip131_start747_266_852_345.mp4,Lying
SAULAIE_202503181600_D04_fixed_clip329_start2097_326_2150_419.mp4,Drinking
SAULAIE_202503190900_D01_fixed_clip280_start1564_568_1971_975.mp4,Lying
SAULAIE_202503190900_D04_fixed_clip48_start1896_495_2160_702.mp4,Lying
SAULAIE_202503190900_D08_fixed_clip99_start1128_347_1292_433.mp4,Lying
SAULAIE_202503191100_D02_fixed_clip279_start366_197_668_518.mp4,Standing
SAULAIE_202503191300_D04_fixed_clip202_start1111_372_1286_639.mp4,Drinking
SAULAIE_202503191400_D01_fixed_clip284_start64_476_553_908.mp4,Standing
SAULAIE_202503191400_D01_fixed_clip346_start1631_371_1915_535.mp4,Lying
SAULAIE_202503191400_D08_fixed_clip129_start427_464_542_713.mp4,Standing
SAULAIE_202503191600_D02_fixed_clip241_start897_35_1101_128.mp4,Lying
SAULAIE_202503191600_D02_fixed_clip324_start595_170_946_285.mp4,Lying
SAULAIE_202503200900_D02_fixed_clip123_start364_326_729_535.mp4,Lying
SAULAIE_202503200900_D04_fixed_clip237_start203_697_599_950.mp4,Standing
SAULAIE_202503201100_D01_fixed_clip163_start111_630_459_939.mp4,Lying
SAULAIE_202503201100_D04_fixed_clip238_start1514_489_1748_728.mp4,Lying
SAULAIE_202503201100_D04_fixed_clip54_start1377_810_1605_1423.mp4,Feeding
SAULAIE_202503201100_D08_fixed_clip287_start863_470_1165_700.mp4,Lying
SAULAIE_202503201200_D03_fixed_clip305_start1281_883_1625_1439.mp4,Feeding
SAULAIE_202503201200_D03_fixed_clip339_start952_897_1230_1439.mp4,Feeding
SAULAIE_202503201300_D02_fixed_clip262_start168_437_641_715.mp4,Lying
SAULAIE_202503201300_D02_fixed_clip284_start443_231_860_484.mp4,Lying
SAULAIE_202503201400_D08_fixed_clip60_start1604_784_1876_1239.mp4,Feeding
SAULAIE_202503211000_D01_fixed_clip341_start1009_207_1106_384.mp4,Feeding
SAULAIE_202503211000_D01_fixed_clip467_start1892_594_2202_1073.mp4,Lying
SAULAIE_202503211000_D01_fixed_clip69_start2123_606_2462_959.mp4,Lying
SAULAIE_202503211100_D02_fixed_clip328_start459_240_865_445.mp4,Lying
SAULAIE_202503220900_D03_fixed_clip131_start244_181_448_307.mp4,Standing
SAULAIE_202503220900_D03_fixed_clip327_start926_146_1020_307.mp4,Walking
SAULAIE_202503221100_D04_fixed_clip249_start1548_526_1739_708.mp4,Lying
SAULAIE_202503221100_D04_fixed_clip28_start179_540_399_753.mp4,Lying
SAULAIE_202503221100_D04_fixed_clip297_start493_525_667_744.mp4,Lying
SAULAIE_202503221100_D04_fixed_clip87_start1428_487_1560_719.mp4,Lying
SAULAIE_202503221400_D04_fixed_clip225_start1073_246_1209_382.mp4,Standing
SAULAIE_202503221400_D04_fixed_clip85_start1883_296_1982_404.mp4,Scratching
SAULAIE_202503221500_D02_fixed_clip250_start720_109_1003_255.mp4,Lying
SAULAIE_202503230900_D03_fixed_clip346_start1493_135_1626_300.mp4,Standing
SAULAIE_202503231100_D02_fixed_clip349_start283_424_601_713.mp4,Lying
SAULAIE_202503231100_D04_fixed_clip204_start471_535_692_751.mp4,Lying
SAULAIE_202503231100_D04_fixed_clip324_start703_566_1156_828.mp4,Standing
SAULAIE_202503240900_D01_fixed_clip322_start1209_426_1563_1004.mp4,Standing
SAULAIE_202503240900_D03_fixed_clip271_start980_110_1038_192.mp4,Walking
SAULAIE_202503240900_D03_fixed_clip95_start1435_460_1701_700.mp4,Lying
SAULAIE_202503241200_D02_fixed_clip244_start1679_1062_2416_1439.mp4,Lying
SAULAIE_202503241200_D02_fixed_clip80_start489_1067_711_1439.mp4,Walking
SAULAIE_202503251000_D04_fixed_clip154_start764_397_880_506.mp4,Lying
SAULAIE_202503251000_D04_fixed_clip293_start684_816_1011_1439.mp4,Feeding
SAULAIE_202503251100_D08_fixed_clip185_start90_555_275_743.mp4,Lying
SAULAIE_202503260900_D08_fixed_clip281_start1051_216_1285_343.mp4,Standing
SAULAIE_202503260900_D08_fixed_clip29_start1663_786_1902_1435.mp4,Feeding
SAULAIE_202503261000_D04_fixed_clip321_start1928_784_2285_1334.mp4,Feeding
BUISSON_202410161200_D04_clip22_start542_270_658_311.mp4,Standing
BUISSON_202410161200_D04_clip28_start1658_350_1768_448.mp4,Lying
BUISSON_202410161200_D04_clip85_start1892_549_2025_664.mp4,Lying
BUISSON_202410170900_D05_clip166_start957_395_1379_659.mp4,Standing
BUISSON_202410171400_D04_clip179_start2207_478_2345_648.mp4,Standing
BUISSON_202410171400_D05_clip488_start2198_415_2471_699.mp4,Walking
BUISSON_202410180900_D02_fixed_clip174_start1537_1146_1916_1439.mp4,Lying
BUISSON_202410180900_D02_fixed_clip309_start399_937_968_1388.mp4,Lying
BUISSON_202410170900_D01_fixed_clip428_start1468_1057_2150_1439.mp4,Lying
BUISSON_202410170900_D01_fixed_clip68_start1862_332_2171_660.mp4,Lying
BUISSON_202410170900_D05_clip355_start455_535_658_775.mp4,Standing
BUISSON_202410171400_D04_clip178_start2473_511_2559_624.mp4,Standing
BUISSON_202410180900_D01_fixed_clip223_start1945_990_2559_1439.mp4,Lying
BUISSON_202410180900_D04_clip284_start173_346_323_469.mp4,Lying
BUISSON_202410180900_D04_clip324_start1714_386_1906_582.mp4,Lying
BUISSON_202410180900_D04_clip324_start2436_517_2559_647.mp4,Lying
BUISSON_202410180900_D04_clip49_start1030_459_1189_604.mp4,Lying
BUISSON_202410180900_D04_clip49_start1316_445_1627_648.mp4,Lying
BUISSON_202410181000_D02_fixed_clip130_start781_240_931_338.mp4,Feeding
BUISSON_202410181000_D02_fixed_clip340_start2399_228_2559_330.mp4,Standing
BUISSON_202410181300_D04_clip208_start1558_336_1811_492.mp4,Walking
BUISSON_202410181400_D05_clip317_start1110_515_1520_1001.mp4,Feeding
BUISSON_202410181400_D05_clip362_start783_511_1172_1001.mp4,Feeding
BUISSON_202410181500_D01_fixed_clip210_start367_195_525_274.mp4,Scratching
BUISSON_202410181500_D01_fixed_clip248_start2348_229_2400_272.mp4,Scratching
BUISSON_202410181500_D01_fixed_clip96_start381_328_795_649.mp4,Lying
BUISSON_202410181600_D05_clip34_start1783_216_1929_378.mp4,Walking
BUISSON_202410181600_D05_clip34_start790_546_1141_1083.mp4,Feeding
BUISSON_202410190900_D01_fixed_clip343_start952_117_1027_244.mp4,Feeding
BUISSON_202410190900_D02_fixed_clip248_start1291_188_1378_304.mp4,Feeding
BUISSON_202410190900_D02_fixed_clip268_start1279_190_1359_336.mp4,Feeding
BUISSON_202410190900_D02_fixed_clip295_start1760_174_1845_254.mp4,Feeding
BUISSON_202410190900_D06_clip182_start232_471_335_613.mp4,Standing
BUISSON_202410191000_D03_clip292_start385_602_551_700.mp4,Lying
BUISSON_202410191000_D05_clip347_start1147_342_1319_558.mp4,Lying
BUISSON_202410191000_D06_clip157_start579_459_967_684.mp4,Standing
BUISSON_202410191000_D06_clip345_start511_389_617_643.mp4,Feeding
BUISSON_202410191100_D03_clip145_start1617_540_1751_726.mp4,Lying
BUISSON_202410191100_D03_clip201_start206_685_475_934.mp4,Feeding
BUISSON_202410191100_D03_clip470_start1400_578_1544_714.mp4,Lying
BUISSON_202410191100_D03_clip470_start2219_565_2381_730.mp4,Lying
BUISSON_202410191100_D06_clip180_start1928_167_1987_264.mp4,Feeding
BUISSON_202410191100_D06_clip322_start1042_520_1332_683.mp4,Lying
BUISSON_202410191100_D06_clip322_start242_475_363_652.mp4,Feeding
BUISSON_202410191200_D03_clip338_start1183_516_1396_724.mp4,Lying
BUISSON_202410191400_D04_clip129_start852_585_1209_930.mp4,Standing
BUISSON_202410191400_D04_clip168_start2440_509_2559_649.mp4,Lying
BUISSON_202410191400_D04_clip82_start1521_405_1648_734.mp4,Standing
BUISSON_202410200900_D01_fixed_clip163_start1719_271_1861_393.mp4,Lying
BUISSON_202410200900_D01_fixed_clip224_start2267_405_2527_704.mp4,Lying
BUISSON_202410200900_D01_fixed_clip264_start1684_135_1946_224.mp4,Standing
BUISSON_202410200900_D01_fixed_clip285_start2038_380_2346_619.mp4,Lying
BUISSON_202410200900_D01_fixed_clip300_start0_416_177_704.mp4,Lying
BUISSON_202410200900_D01_fixed_clip300_start2170_221_2340_283.mp4,Standing
BUISSON_202410200900_D01_fixed_clip37_start604_165_688_240.mp4,Standing
BUISSON_202410200900_D01_fixed_clip37_start870_335_1157_636.mp4,Lying
BUISSON_202410200900_D02_fixed_clip135_start1618_446_2027_794.mp4,Lying
BUISSON_202410200900_D02_fixed_clip304_start1619_474_2036_800.mp4,Lying
BUISSON_202410200900_D02_fixed_clip332_start2521_284_2559_343.mp4,Self-grooming
BUISSON_202410200900_D03_clip236_start0_690_235_944.mp4,Feeding
BUISSON_202410200900_D03_clip255_start1023_476_1174_576.mp4,Lying
BUISSON_202410200900_D03_clip34_start2248_615_2355_728.mp4,Lying
BUISSON_202410201000_D03_clip122_start1401_581_1541_716.mp4,Lying
BUISSON_202410201400_D04_clip126_start303_411_406_485.mp4,Lying
BUISSON_202410201400_D04_clip22_start822_431_1057_556.mp4,Lying
BUISSON_202410201400_D04_clip354_start543_436_746_606.mp4,Standing
BUISSON_202410201400_D04_clip42_start2023_415_2159_598.mp4,Standing
BUISSON_202410201400_D04_clip74_start631_405_786_533.mp4,Lying
BUISSON_202410210900_D02_fixed_clip251_start553_280_658_357.mp4,Feeding
BUISSON_202410211000_D02_fixed_clip104_start2441_285_2532_337.mp4,Standing
BUISSON_202410211000_D02_fixed_clip106_start1670_164_1766_350.mp4,Feeding
BUISSON_202410211000_D02_fixed_clip71_start1981_180_2066_314.mp4,Feeding
BUISSON_202410211100_D01_fixed_clip239_start2420_449_2559_732.mp4,Standing
BUISSON_202410211100_D01_fixed_clip259_start665_311_848_414.mp4,Standing
BUISSON_202410211100_D01_fixed_clip279_start178_420_435_754.mp4,Lying
BUISSON_202410211100_D01_fixed_clip295_start162_242_347_369.mp4,Standing
BUISSON_202410211100_D01_fixed_clip295_start1974_360_2168_683.mp4,Lying
BUISSON_202410211100_D01_fixed_clip300_start2485_290_2559_343.mp4,Standing
BUISSON_202410211100_D01_fixed_clip319_start631_161_742_267.mp4,Standing
BUISSON_202410211100_D04_clip14_start413_536_672_805.mp4,Walking
BUISSON_202410211200_D05_clip160_start540_271_702_380.mp4,Standing
BUISSON_202410211200_D05_clip291_start2444_581_2559_862.mp4,Feeding
BUISSON_202410211300_D01_fixed_clip151_start0_291_159_363.mp4,Standing
BUISSON_202410211300_D01_fixed_clip176_start2366_541_2559_903.mp4,Standing
BUISSON_202410211300_D01_fixed_clip176_start774_296_950_409.mp4,Standing
BUISSON_202410211600_D02_fixed_clip228_start2196_200_2293_303.mp4,Feeding
BUISSON_202410211600_D03_clip228_start391_538_480_697.mp4,Standing
BUISSON_202410211600_D03_clip330_start604_410_722_565.mp4,Standing
BUISSON_202410211600_D03_clip336_start2267_384_2328_480.mp4,Standing
BUISSON_202410211600_D03_clip355_start606_410_728_557.mp4,Standing
BUISSON_202410220900_D03_clip107_start1200_356_1304_463.mp4,Lying
BUISSON_202410220900_D03_clip160_start1627_367_1739_465.mp4,Lying
BUISSON_202410220900_D03_clip220_start1628_470_1839_758.mp4,Standing
BUISSON_202410220900_D03_clip225_start1893_539_2123_793.mp4,Lying
BUISSON_202410220900_D03_clip266_start968_376_1105_471.mp4,Lying
BUISSON_202410220900_D06_clip241_start351_454_469_651.mp4,Feeding
BUISSON_202410221000_D06_clip28_start253_718_791_1138.mp4,Walking
BUISSON_202410221100_D02_fixed_clip154_start640_460_807_643.mp4,Other
BUISSON_202410221100_D02_fixed_clip301_start1276_360_1451_460.mp4,Lying
BUISSON_202410221300_D01_fixed_clip176_start2304_241_2433_279.mp4,Standing
BUISSON_202410221300_D01_fixed_clip209_start1564_261_1777_358.mp4,Lying
BUISSON_202410221300_D01_fixed_clip318_start0_352_252_514.mp4,Lying
BUISSON_202410221300_D01_fixed_clip75_start1845_285_1991_399.mp4,Lying
BUISSON_202410230900_D03_clip32_start1766_541_1928_728.mp4,Lying
BUISSON_202410231000_D01_fixed_clip247_start2140_190_2211_264.mp4,Feeding
BUISSON_202410231000_D01_fixed_clip323_start348_1015_1149_1424.mp4,Lying
BUISSON_202410231000_D01_fixed_clip323_start490_176_634_254.mp4,Standing
BUISSON_202410231000_D02_fixed_clip416_start398_477_608_659.mp4,Lying
BUISSON_202410231100_D01_fixed_clip164_start870_335_1271_643.mp4,Lying
BUISSON_202410231100_D01_fixed_clip241_start1437_115_1579_239.mp4,Feeding
BUISSON_202410231100_D01_fixed_clip241_start216_246_380_306.mp4,Walking
BUISSON_202410231100_D01_fixed_clip67_start1442_1063_2430_1439.mp4,Lying
BUISSON_202410231100_D04_clip250_start1444_304_1563_415.mp4,Lying
BUISSON_202410231100_D04_clip405_start1130_527_1292_649.mp4,Lying
BUISSON_202410231100_D06_clip245_start1894_161_2041_269.mp4,Feeding
BUISSON_202410231100_D06_clip282_start1111_515_1485_670.mp4,Lying
BUISSON_202410231300_D03_clip219_start253_685_445_950.mp4,Feeding
BUISSON_202410231500_D06_clip347_start177_619_299_771.mp4,Walking
BUISSON_202410231500_D06_clip90_start1343_216_1519_314.mp4,Standing
BUISSON_202410231600_D05_clip511_start1760_286_1891_449.mp4,Standing
BUISSON_202410241000_D05_clip18_start568_303_679_385.mp4,Standing
BUISSON_202410241100_D01_fixed_clip147_start481_321_698_430.mp4,Lying
BUISSON_202410241100_D01_fixed_clip206_start2387_242_2478_308.mp4,Standing
BUISSON_202410241200_D05_clip31_start1420_392_1728_653.mp4,Standing
BUISSON_202410241400_D04_clip168_start1592_737_2155_1084.mp4,Standing
BUISSON_202410241400_D04_clip168_start1895_577_2336_869.mp4,Standing
BUISSON_202410241400_D04_clip168_start214_344_319_420.mp4,Lying
BUISSON_202410250900_D04_clip154_start1373_469_1536_671.mp4,Lying
BUISSON_202410250900_D04_clip203_start2203_451_2326_569.mp4,Lying
BUISSON_202410251000_D02_fixed_clip102_start1490_379_1790_463.mp4,Lying
BUISSON_202410251000_D02_fixed_clip256_start444_296_516_358.mp4,Feeding
BUISSON_202410251100_D05_clip298_start62_702_168_938.mp4,Feeding
BUISSON_202410251100_D05_clip84_start1520_522_1793_1064.mp4,Feeding
BUISSON_202410251200_D04_clip164_start947_474_1227_694.mp4,Standing
BUISSON_202410251500_D04_clip147_start1597_471_1867_575.mp4,Lying
BUISSON_202410251500_D04_clip147_start552_518_779_844.mp4,Feeding
BUISSON_202410251500_D04_clip23_start34_441_235_666.mp4,Feeding
BUISSON_202410251600_D02_fixed_clip224_start222_496_336_615.mp4,Lying
BUISSON_202410251600_D02_fixed_clip417_start1068_190_1259_304.mp4,Standing
BUISSON_202410260900_D01_fixed_clip114_start1191_130_1396_353.mp4,Standing
BUISSON_202410260900_D01_fixed_clip54_start1213_124_1296_274.mp4,Feeding
BUISSON_202410261000_D03_clip198_start1625_704_1811_1275.mp4,Feeding
BUISSON_202410261000_D03_clip206_start1225_360_1300_413.mp4,Lying
BUISSON_202410261000_D03_clip206_start1581_716_1789_1343.mp4,Feeding
BUISSON_202410261000_D03_clip252_start408_600_504_709.mp4,Lying
BUISSON_202410261000_D03_clip35_start507_695_772_1148.mp4,Feeding
BUISSON_202410261100_D03_clip188_start2394_655_2534_874.mp4,Standing
BUISSON_202410261100_D03_clip248_start836_711_1115_1059.mp4,Feeding
BUISSON_202410261100_D03_clip93_start933_698_1180_1263.mp4,Feeding
BUISSON_202410261100_D05_clip1_start825_540_990_1073.mp4,Feeding
BUISSON_202410261100_D05_clip28_start2283_306_2451_414.mp4,Lying
BUISSON_202410261200_D01_fixed_clip268_start1916_542_2559_1432.mp4,Standing
BUISSON_202410261200_D01_fixed_clip298_start1904_545_2559_1430.mp4,Standing
BUISSON_202410261200_D03_clip285_start1796_376_1932_470.mp4,Lying
BUISSON_202410261300_D04_clip118_start2221_797_2483_1296.mp4,Feeding
BUISSON_202410261300_D04_clip3_start2290_1011_2453_1347.mp4,Feeding
BUISSON_202410261500_D04_clip18_start1911_675_2208_1179.mp4,Feeding
BUISSON_202410261500_D04_clip203_start1378_445_1649_664.mp4,Scratching
BUISSON_202410261600_D02_fixed_clip320_start644_261_746_344.mp4,Feeding
BUISSON_202410261600_D02_fixed_clip47_start524_299_782_437.mp4,Standing
BUISSON_202410271200_D03_clip149_start1218_681_1488_1170.mp4,Feeding
BUISSON_202410271200_D03_clip266_start2239_689_2532_1168.mp4,Feeding
BUISSON_202410271200_D03_clip293_start603_668_860_1053.mp4,Feeding
BUISSON_202410271200_D05_clip289_start1148_389_1316_534.mp4,Lying
BUISSON_202410271500_D03_clip218_start1204_470_1332_782.mp4,Standing
BUISSON_202410271500_D03_clip218_start549_701_913_1081.mp4,Feeding
BUISSON_202410271500_D03_clip316_start588_589_737_696.mp4,Lying
BUISSON_202410271500_D03_clip8_start1263_710_1502_1179.mp4,Feeding
BUISSON_202410271600_D01_fixed_clip150_start335_200_446_380.mp4,Standing
BUISSON_202410271600_D01_fixed_clip336_start0_984_510_1439.mp4,Standing
BUISSON_202410271600_D01_fixed_clip336_start1735_355_1892_439.mp4,Lying
BUISSON_202410271600_D01_fixed_clip336_start2132_190_2272_269.mp4,Feeding
BUISSON_202410280900_D06_clip220_start1016_275_1147_484.mp4,Feeding
BUISSON_202410280900_D06_clip97_start1085_261_1226_403.mp4,Feeding
BUISSON_202410281000_D04_clip331_start1636_665_2000_1303.mp4,Feeding
BUISSON_202410281000_D04_clip57_start2286_796_2454_1334.mp4,Feeding
BUISSON_202410281100_D02_fixed_clip81_start1727_175_1808_349.mp4,Feeding
BUISSON_202410281100_D06_clip174_start932_561_1133_751.mp4,Lying
BUISSON_202410281100_D06_clip268_start230_730_692_1184.mp4,Self-grooming
BUISSON_202410281100_D06_clip73_start1491_186_1695_309.mp4,Feeding
BUISSON_202410281100_D06_clip73_start396_635_790_1024.mp4,Walking
BUISSON_202410281400_D03_clip165_start1217_525_1392_729.mp4,Lying
BUISSON_202410281400_D03_clip90_start267_691_565_1099.mp4,Feeding
BUISSON_202410281600_D02_fixed_clip245_start2185_195_2275_299.mp4,Standing
BUISSON_202410281600_D02_fixed_clip58_start1601_427_1944_825.mp4,Lying
BUISSON_202410281600_D03_clip389_start644_651_862_1234.mp4,Feeding
BUISSON_202410281600_D03_clip476_start907_346_993_471.mp4,Standing
BUISSON_202410290900_D03_clip386_start968_706_1162_1264.mp4,Feeding
BUISSON_202410291000_D01_fixed_clip272_start2488_272_2559_318.mp4,Walking
BUISSON_202410291000_D01_fixed_clip328_start1365_105_1603_235.mp4,Standing
BUISSON_202410291000_D01_fixed_clip336_start888_1089_1598_1439.mp4,Lying
BUISSON_202410291000_D01_fixed_clip97_start1027_121_1109_242.mp4,Feeding
BUISSON_202410291000_D01_fixed_clip97_start2147_191_2270_270.mp4,Feeding
COPTIERE_202502051000_D01_clip238_start1247_224_1303_314.mp4,Feeding
COPTIERE_202502051000_D01_clip284_start1327_225_1390_347.mp4,Feeding
COPTIERE_202502051100_D02_clip120_start50_585_300_847.mp4,Standing
COPTIERE_202502051100_D03_clip0_start1032_581_1310_683.mp4,Lying
COPTIERE_202502051100_D03_clip177_start1298_481_1494_569.mp4,Lying
COPTIERE_202502051100_D03_clip222_start1901_395_1989_468.mp4,Walking
COPTIERE_202502051100_D03_clip270_start1209_710_1494_983.mp4,Lying
COPTIERE_202502051100_D04_clip363_start2109_408_2559_870.mp4,Standing
COPTIERE_202502051100_D04_clip447_start720_337_1106_699.mp4,Lying
COPTIERE_202502051100_D04_clip463_start209_287_672_668.mp4,Lying
COPTIERE_202502051200_D03_clip152_start1119_790_1342_1080.mp4,Lying
COPTIERE_202502051200_D03_clip296_start782_495_897_643.mp4,Standing
COPTIERE_202502051200_D03_clip321_start1716_510_1848_570.mp4,Lying
COPTIERE_202502051200_D03_clip326_start1597_420_1675_500.mp4,Feeding
COPTIERE_202502051200_D03_clip346_start1342_726_1682_935.mp4,Lying
COPTIERE_202502051300_D02_clip266_start1202_236_1348_299.mp4,Lying
COPTIERE_202502051300_D02_clip312_start748_468_904_609.mp4,Lying
COPTIERE_202502051300_D02_clip57_start90_717_372_856.mp4,Lying
COPTIERE_202502051500_D05_clip377_start2038_687_2273_807.mp4,Lying
COPTIERE_202502051500_D05_clip377_start330_672_426_778.mp4,Standing
COPTIERE_202502051500_D05_clip46_start2018_687_2274_780.mp4,Lying
COPTIERE_202502051600_D04_clip200_start420_276_916_708.mp4,Lying
COPTIERE_202502051600_D04_clip250_start1635_41_1812_203.mp4,Standing
COPTIERE_202502051600_D04_clip250_start1729_319_1995_699.mp4,Lying
COPTIERE_202502051600_D06_clip16_start994_801_1072_923.mp4,Standing
COPTIERE_202502051600_D06_clip98_start1759_864_1856_959.mp4,Standing
COPTIERE_202502060900_D02_clip32_start1733_63_1831_134.mp4,Feeding
COPTIERE_202502060900_D04_clip282_start453_47_670_223.mp4,Drinking
COPTIERE_202502060900_D04_clip334_start0_912_157_1284.mp4,Standing
COPTIERE_202502061100_D02_clip168_start2372_30_2498_244.mp4,Standing
COPTIERE_202502061100_D02_clip209_start1450_287_1948_641.mp4,Lying
COPTIERE_202502061200_D02_clip127_start2160_59_2452_240.mp4,Standing
COPTIERE_202502061200_D02_clip259_start463_361_571_419.mp4,Standing
COPTIERE_202502061300_D03_clip167_start1323_545_1501_630.mp4,Lying
COPTIERE_202502061300_D03_clip198_start364_730_489_809.mp4,Lying
COPTIERE_202502061300_D03_clip26_start1298_441_1367_544.mp4,Walking
COPTIERE_202502061300_D06_clip335_start2040_887_2122_976.mp4,Standing
COPTIERE_202502061500_D01_clip345_start331_262_610_419.mp4,Standing
COPTIERE_202502061500_D01_clip458_start720_236_866_378.mp4,Feeding
COPTIERE_202502071200_D02_clip307_start471_380_621_567.mp4,Standing
COPTIERE_202502071200_D02_clip307_start577_466_683_608.mp4,Lying
COPTIERE_202502071200_D05_clip265_start2034_655_2318_779.mp4,Lying
COPTIERE_202502071200_D05_clip99_start2347_720_2559_868.mp4,Standing
COPTIERE_202502071300_D03_clip106_start291_718_466_813.mp4,Lying
COPTIERE_202502071300_D03_clip13_start1120_541_1357_650.mp4,Lying
COPTIERE_202502071300_D03_clip13_start1590_656_1873_833.mp4,Lying
COPTIERE_202502071300_D03_clip170_start1130_738_1420_945.mp4,Lying
COPTIERE_202502071300_D03_clip223_start889_625_1012_703.mp4,Lying
COPTIERE_202502071300_D03_clip227_start1119_545_1332_650.mp4,Lying
COPTIERE_202502071300_D03_clip227_start1329_470_1447_560.mp4,Walking
COPTIERE_202502071300_D03_clip59_start1955_622_2159_759.mp4,Lying
COPTIERE_202502071300_D05_clip53_start114_625_252_732.mp4,Lying
COPTIERE_202502071500_D01_clip194_start1446_231_1547_351.mp4,Feeding
COPTIERE_202502071600_D03_clip283_start1448_660_1751_880.mp4,Lying
COPTIERE_202502071600_D03_clip67_start1178_445_1262_551.mp4,Feeding
COPTIERE_202502071600_D04_clip87_start997_306_1461_668.mp4,Lying
COPTIERE_202502081000_D03_clip100_start2244_548_2287_595.mp4,Lying
COPTIERE_202502081000_D03_clip232_start2110_605_2217_688.mp4,Lying
COPTIERE_202502081200_D04_clip302_start537_169_673_213.mp4,Lying
COPTIERE_202502081200_D04_clip315_start721_330_1118_669.mp4,Lying
COPTIERE_202502081400_D05_clip283_start259_382_363_533.mp4,Standing
COPTIERE_202502081400_D05_clip93_start1012_353_1331_643.mp4,Standing
COPTIERE_202502081500_D01_clip26_start859_757_1675_1439.mp4,Walking
COPTIERE_202502081500_D01_clip522_start2077_287_2251_360.mp4,Standing
COPTIERE_202502081600_D02_clip208_start129_544_555_794.mp4,Walking
COPTIERE_202502091000_D03_clip338_start479_561_557_666.mp4,Walking
COPTIERE_202502091000_D03_clip479_start846_625_978_709.mp4,Lying
COPTIERE_202502091000_D04_clip349_start1788_161_1989_256.mp4,Lying
COPTIERE_202502091000_D04_clip476_start100_381_279_703.mp4,Lying
COPTIERE_202502091000_D04_clip501_start816_142_1035_229.mp4,Lying
COPTIERE_202502091500_D02_clip109_start1975_26_2116_119.mp4,Feeding
COPTIERE_202502091500_D02_clip260_start313_451_390_553.mp4,Standing
COPTIERE_202502091500_D02_clip93_start489_365_709_608.mp4,Standing
COPTIERE_202502101200_D01_clip290_start1753_251_1955_389.mp4,Standing
COPTIERE_202502101200_D03_clip168_start406_903_566_1145.mp4,Lying
COPTIERE_202502101200_D03_clip171_start1004_786_1230_1054.mp4,Lying
COPTIERE_202502101200_D03_clip192_start926_608_1022_690.mp4,Lying
COPTIERE_202502101200_D03_clip298_start1030_572_1222_665.mp4,Lying
COPTIERE_202502101200_D03_clip56_start548_1036_955_1439.mp4,Walking
COPTIERE_202502101200_D04_clip216_start178_215_667_645.mp4,Standing
COPTIERE_202502101300_D02_clip327_start2037_60_2348_169.mp4,Feeding
COPTIERE_202502101300_D02_clip84_start1711_381_2122_844.mp4,Standing
COPTIERE_202502101300_D02_clip84_start491_452_608_578.mp4,Lying
COPTIERE_202502101400_D04_clip102_start464_284_798_686.mp4,Lying
COPTIERE_202502101400_D04_clip13_start1320_17_1564_152.mp4,Scratching
COPTIERE_202502101400_D04_clip13_start1441_279_1746_778.mp4,Lying
COPTIERE_202502101400_D04_clip2_start1255_15_1526_154.mp4,Scratching
COPTIERE_202502101400_D04_clip2_start1984_372_2267_753.mp4,Lying
COPTIERE_202502101400_D04_clip358_start0_452_501_892.mp4,Walking
COPTIERE_202502101400_D04_clip5_start471_290_816_685.mp4,Lying
COPTIERE_202502101500_D01_clip255_start639_360_774_465.mp4,Lying
COPTIERE_202502101500_D01_clip410_start292_318_532_434.mp4,Standing
COPTIERE_202502101500_D05_clip44_start1736_631_2069_824.mp4,Standing
COPTIERE_202502101600_D01_clip23_start2358_460_2559_670.mp4,Lying
COPTIERE_202502101600_D02_clip112_start497_376_800_594.mp4,Standing
COPTIERE_202502110900_D02_clip131_start2479_66_2559_189.mp4,Feeding
COPTIERE_202502111100_D03_clip218_start311_845_502_1090.mp4,Standing
COPTIERE_202502111100_D03_clip257_start28_769_167_864.mp4,Lying
COPTIERE_202502111100_D03_clip97_start1520_654_1795_818.mp4,Lying
COPTIERE_202502111300_D04_clip181_start1069_405_1824_924.mp4,Walking
COPTIERE_202502111300_D04_clip206_start1396_293_1699_705.mp4,Lying
COPTIERE_202502111300_D04_clip206_start19_337_433_703.mp4,Lying
COPTIERE_202502111300_D04_clip61_start1396_276_1697_689.mp4,Lying
COPTIERE_202502111300_D04_clip7_start0_360_199_619.mp4,Lying
COPTIERE_202502111400_D04_clip165_start1050_292_1330_713.mp4,Lying
COPTIERE_202502111400_D04_clip306_start307_100_372_150.mp4,Standing
COPTIERE_202502111400_D05_clip204_start331_743_475_810.mp4,Self-grooming
COPTIERE_202502111500_D06_clip123_start2063_833_2288_949.mp4,Standing
COPTIERE_202502111500_D06_clip123_start236_636_403_759.mp4,Lying
COPTIERE_202502111500_D06_clip123_start979_650_1168_855.mp4,Standing
COPTIERE_202502120900_D03_clip135_start1800_461_1906_510.mp4,Lying
COPTIERE_202502120900_D03_clip135_start889_598_995_698.mp4,Lying
COPTIERE_202502120900_D03_clip317_start1341_421_1384_509.mp4,Feeding
COPTIERE_202502120900_D03_clip68_start2090_361_2142_415.mp4,Feeding
COPTIERE_202502120900_D03_clip68_start907_476_986_585.mp4,Feeding
COPTIERE_202502120900_D04_clip222_start422_670_910_1439.mp4,Standing
COPTIERE_202502121000_D02_clip48_start606_416_743_569.mp4,Lying
COPTIERE_202502121000_D02_clip59_start1528_347_1876_701.mp4,Lying
COPTIERE_202502121100_D06_clip43_start760_635_896_792.mp4,Lying
COPTIERE_202502121300_D04_clip150_start201_237_464_677.mp4,Standing
COPTIERE_202502121400_D01_clip103_start151_300_256_449.mp4,Feeding
COPTIERE_202502121400_D01_clip78_start1406_240_1660_343.mp4,Standing
COPTIERE_202502121400_D03_clip150_start2142_427_2275_498.mp4,Walking
COPTIERE_202502121400_D03_clip44_start0_994_57_1058.mp4,Lying
COPTIERE_202502121400_D03_clip53_start1703_641_1858_794.mp4,Lying
COPTIERE_202502121400_D03_clip9_start1015_576_1203_658.mp4,Lying
COPTIERE_202502121500_D01_clip174_start588_345_834_469.mp4,Lying
COPTIERE_202502121500_D06_clip42_start488_711_619_824.mp4,Standing
COPTIERE_202502121500_D06_clip42_start92_360_409_723.mp4,Feeding
COPTIERE_202502131300_D03_clip114_start1895_360_1982_418.mp4,Feeding
COPTIERE_202502131300_D03_clip114_start2018_353_2082_404.mp4,Feeding
COPTIERE_202502131300_D03_clip283_start2091_500_2151_560.mp4,Lying
COPTIERE_202502131300_D03_clip324_start1593_471_1728_530.mp4,Lying
COPTIERE_202502131300_D03_clip89_start2093_352_2158_398.mp4,Standing
COPTIERE_202502131400_D04_clip310_start0_192_51_310.mp4,Standing
COPTIERE_202502131400_D04_clip310_start1040_289_1475_706.mp4,Lying
COPTIERE_202502131400_D04_clip312_start1041_299_1475_708.mp4,Lying
COPTIERE_202502131400_D04_clip312_start1474_122_1669_209.mp4,Lying
COPTIERE_202502131400_D04_clip312_start97_130_266_244.mp4,Standing
COPTIERE_202502131500_D01_clip200_start1769_256_2070_512.mp4,Standing
COPTIERE_202502131500_D01_clip416_start1533_230_1883_487.mp4,Standing
COPTIERE_202502131500_D02_clip158_start1822_84_1990_199.mp4,Standing
COPTIERE_202502131500_D02_clip288_start1067_200_1170_305.mp4,Standing
COPTIERE_202502131500_D05_clip75_start1228_743_1318_885.mp4,Standing
COPTIERE_202502131600_D02_clip259_start455_501_530_564.mp4,Lying
COPTIERE_202502131600_D02_clip80_start526_426_672_598.mp4,Standing
COPTIERE_202502141000_D01_clip349_start769_519_1556_1394.mp4,Drinking
COPTIERE_202502141300_D02_clip308_start1910_71_2042_184.mp4,Feeding
COPTIERE_202502141300_D02_clip59_start446_363_802_675.mp4,Standing
COPTIERE_202502141400_D06_clip196_start151_790_240_851.mp4,Standing
COPTIERE_202502141400_D06_clip236_start1679_840_1824_933.mp4,Standing
COPTIERE_202502141500_D01_clip374_start2292_510_2503_909.mp4,Drinking
COPTIERE_202502141600_D03_clip23_start1192_680_1421_935.mp4,Lying
COPTIERE_202502141600_D05_clip190_start2079_692_2309_865.mp4,Standing
COPTIERE_202502151000_D02_clip310_start425_470_502_568.mp4,Walking
COPTIERE_202502151000_D02_clip4_start2166_170_2276_205.mp4,Lying
COPTIERE_202502151000_D04_clip12_start1566_0_1666_141.mp4,Standing
COPTIERE_202502151000_D04_clip12_start1989_410_2284_724.mp4,Lying
COPTIERE_202502151000_D04_clip12_start2498_358_2559_514.mp4,Standing
COPTIERE_202502151000_D04_clip33_start1273_140_1494_185.mp4,Lying
COPTIERE_202502151000_D04_clip63_start1504_137_1717_210.mp4,Lying
COPTIERE_202502151000_D04_clip86_start1676_50_1897_228.mp4,Standing
COPTIERE_202502151300_D04_clip22_start2356_315_2498_621.mp4,Standing
COPTIERE_202502151300_D04_clip22_start422_283_949_670.mp4,Lying
COPTIERE_202502151300_D04_clip409_start1921_249_2390_820.mp4,Standing
COPTIERE_202502151400_D03_clip279_start911_451_1002_570.mp4,Feeding
COPTIERE_202502151400_D03_clip279_start942_796_1353_1104.mp4,Walking
COPTIERE_202502151400_D04_clip151_start2498_222_2559_459.mp4,Standing
COPTIERE_202502151400_D04_clip156_start1642_160_1928_256.mp4,Lying
COPTIERE_202502151400_D04_clip213_start249_80_470_169.mp4,Standing
COPTIERE_202502151400_D04_clip228_start2124_143_2227_209.mp4,Lying
COPTIERE_202502170900_D03_clip179_start556_519_719_634.mp4,Feeding
COPTIERE_202502170900_D03_clip81_start1009_442_1127_572.mp4,Standing
COPTIERE_202502171200_D04_clip237_start737_303_1182_784.mp4,Lying
COPTIERE_202502171400_D04_clip256_start525_158_700_254.mp4,Lying
COPTIERE_202502171400_D04_clip84_start470_686_1701_1439.mp4,Other
COPTIERE_202502171400_D04_clip84_start996_133_1249_224.mp4,Lying
COPTIERE_202502171500_D01_clip49_start356_381_584_499.mp4,Lying
COPTIERE_202502171500_D03_clip225_start951_727_1216_940.mp4,Lying
CORDEMAIS_202403201000_D01_clip161_start844_0_1208_101.mp4,Lying
CORDEMAIS_202403201000_D06_clip69_start2267_407_2375_533.mp4,Standing
CORDEMAIS_202403201100_D06_clip161_start1440_481_1603_715.mp4,Standing
CORDEMAIS_202403201100_D06_clip194_start342_772_851_1283.mp4,Lying
CORDEMAIS_202403201200_D05_clip278_start1641_466_2005_789.mp4,Lying
CORDEMAIS_202403201300_D01_clip110_start428_0_645_89.mp4,Lying
CORDEMAIS_202403201300_D01_clip67_start2197_0_2559_432.mp4,Lying
CORDEMAIS_202403201300_D06_clip176_start855_476_1205_662.mp4,Walking
CORDEMAIS_202403201300_D08_clip134_start2372_259_2462_328.mp4,Standing
CORDEMAIS_202403201300_D08_clip159_start107_564_212_655.mp4,Lying
CORDEMAIS_202403201300_D08_clip82_start1059_373_1327_549.mp4,Lying
CORDEMAIS_202403201300_D08_clip97_start1740_259_1856_375.mp4,Standing
CORDEMAIS_202403201500_D02_clip118_start2382_267_2492_351.mp4,Standing
CORDEMAIS_202403201500_D03_clip345_start1942_420_2097_518.mp4,Walking
CORDEMAIS_202403201500_D08_clip237_start2277_499_2433_978.mp4,Feeding
CORDEMAIS_202403201500_D08_clip317_start1196_387_1528_584.mp4,Walking
CORDEMAIS_202403210900_D03_clip161_start704_170_790_250.mp4,Lying
CORDEMAIS_202403211000_D05_clip118_start1181_220_1502_625.mp4,Standing
CORDEMAIS_202403211000_D05_clip118_start779_248_910_378.mp4,Lying
CORDEMAIS_202403211300_D05_clip58_start342_165_548_334.mp4,Standing
CORDEMAIS_202403211300_D05_clip95_start815_679_1260_1439.mp4,Standing
CORDEMAIS_202403211300_D08_clip134_start1693_311_1838_424.mp4,Lying
CORDEMAIS_202403211300_D08_clip70_start648_456_763_586.mp4,Lying
CORDEMAIS_202403211500_D08_clip168_start98_475_241_627.mp4,Standing
CORDEMAIS_202403221000_D02_clip83_start1970_481_2169_694.mp4,Lying
CORDEMAIS_202403221000_D05_clip6_start589_605_1315_1439.mp4,Standing
CORDEMAIS_202403221200_D01_clip46_start1450_0_1897_258.mp4,Scratching
CORDEMAIS_202403221200_D03_clip137_start901_63_971_149.mp4,Standing
CORDEMAIS_202403221200_D03_clip163_start921_68_963_149.mp4,Feeding
CORDEMAIS_202403221300_D08_clip33_start1720_493_2264_803.mp4,Feeding
CORDEMAIS_202403221500_D03_clip15_start274_505_563_704.mp4,Lying
CORDEMAIS_202403221500_D03_clip19_start1449_182_1536_298.mp4,Feeding
CORDEMAIS_202403221500_D03_clip40_start893_350_1206_570.mp4,Lying
CORDEMAIS_202403221500_D03_clip69_start152_215_362_328.mp4,Standing
CORDEMAIS_202403230900_D02_clip197_start1860_225_1936_299.mp4,Lying
CORDEMAIS_202403230900_D06_clip158_start1973_454_2087_548.mp4,Lying
CORDEMAIS_202403230900_D06_clip158_start916_434_1052_584.mp4,Standing
CORDEMAIS_202403230900_D08_clip27_start1840_255_1999_358.mp4,Lying
CORDEMAIS_202403231300_D06_clip216_start1990_470_2199_587.mp4,Standing
CORDEMAIS_202403231400_D05_clip164_start1217_82_1396_154.mp4,Walking
CORDEMAIS_202403241000_D02_clip152_start2036_414_2248_669.mp4,Lying
CORDEMAIS_202403241000_D02_clip39_start1641_170_1830_288.mp4,Standing
CORDEMAIS_202403241200_D03_clip128_start721_1164_1351_1439.mp4,Lying
CORDEMAIS_202403241200_D03_clip159_start1814_286_1908_339.mp4,Standing
CORDEMAIS_202403241200_D03_clip159_start209_280_362_338.mp4,Lying
CORDEMAIS_202403241200_D03_clip4_start2187_427_2272_527.mp4,Standing
CORDEMAIS_202403241600_D01_clip149_start2022_789_2496_1439.mp4,Lying
CORDEMAIS_202403241600_D01_clip187_start2417_66_2559_315.mp4,Lying
CORDEMAIS_202403241600_D01_clip212_start2017_0_2391_325.mp4,Lying
CORDEMAIS_202403241600_D02_clip124_start902_231_1097_354.mp4,Lying
CORDEMAIS_202403241600_D02_clip68_start1192_210_1328_320.mp4,Lying
CORDEMAIS_202403250900_D01_clip17_start761_0_1165_99.mp4,Lying
CORDEMAIS_202403250900_D06_clip100_start1302_519_1795_811.mp4,Drinking
CORDEMAIS_202403250900_D06_clip63_start1813_460_2017_658.mp4,Standing
CORDEMAIS_202403251000_D08_clip180_start751_349_910_583.mp4,Standing
CORDEMAIS_202403251200_D05_clip217_start1535_402_1918_717.mp4,Lying
CORDEMAIS_202403251200_D05_clip2_start213_214_584_338.mp4,Standing
CORDEMAIS_202403251200_D08_clip303_start720_370_869_603.mp4,Standing
CORDEMAIS_202403251300_D01_clip67_start0_194_278_883.mp4,Standing
CORDEMAIS_202403251300_D01_clip73_start1437_0_1826_255.mp4,Lying
CORDEMAIS_202403251300_D02_clip45_start2358_988_2559_1439.mp4,Standing
CORDEMAIS_202403251400_D01_clip12_start1857_0_2208_365.mp4,Standing
CORDEMAIS_202403251400_D01_clip153_start1862_0_2142_372.mp4,Standing
CORDEMAIS_202403251400_D03_clip186_start2340_506_2469_675.mp4,Walking
CORDEMAIS_202403251400_D03_clip31_start1488_404_1633_505.mp4,Lying
CORDEMAIS_202403251400_D03_clip66_start1676_347_1861_459.mp4,Self-grooming
CORDEMAIS_202403251500_D02_clip107_start1982_258_2125_420.mp4,Standing
CORDEMAIS_202403251600_D03_clip15_start1294_186_1500_327.mp4,Walking
CORDEMAIS_202403261200_D05_clip212_start2480_431_2559_513.mp4,Standing
CORDEMAIS_202403261200_D05_clip232_start236_826_1029_1186.mp4,Lying
CORDEMAIS_202403261300_D05_clip105_start804_217_1270_543.mp4,Standing
CORDEMAIS_202403261300_D05_clip313_start929_235_1182_420.mp4,Lying
CORDEMAIS_202403261600_D01_clip169_start364_0_466_118.mp4,Standing
CORDEMAIS_202403270900_D03_clip87_start563_31_603_77.mp4,Feeding
CORDEMAIS_202403270900_D05_clip155_start1510_129_1652_196.mp4,Standing
CORDEMAIS_202403270900_D05_clip228_start1397_96_1475_174.mp4,Standing
CORDEMAIS_202403270900_D08_clip107_start2432_511_2559_784.mp4,Standing
CORDEMAIS_202403270900_D08_clip128_start44_491_181_655.mp4,Standing
CORDEMAIS_202403271300_D06_clip197_start1652_415_1753_632.mp4,Standing
CORDEMAIS_202403271300_D06_clip211_start1308_429_1402_603.mp4,Standing
CORDEMAIS_202403271300_D06_clip66_start1308_428_1395_593.mp4,Standing
CORDEMAIS_202403271400_D08_clip112_start2188_311_2427_546.mp4,Standing
CORDEMAIS_202403271400_D08_clip70_start0_476_141_626.mp4,Standing
CORDEMAIS_202403271400_D08_clip70_start1768_212_1891_288.mp4,Standing
CORDEMAIS_202403271400_D08_clip70_start2116_483_2337_974.mp4,Feeding
CORDEMAIS_202403281000_D03_clip169_start960_341_1171_499.mp4,Lying
CORDEMAIS_202403281300_D02_clip197_start935_231_1064_365.mp4,Lying
CORDEMAIS_202403281300_D02_clip80_start1587_217_1707_335.mp4,Standing
CORDEMAIS_202403281300_D03_clip54_start609_36_664_75.mp4,Standing
CORDEMAIS_202403281300_D03_clip90_start410_136_492_197.mp4,Lying
CORDEMAIS_202403291200_D05_clip140_start1172_347_1561_547.mp4,Lying
CORDEMAIS_202403291200_D05_clip209_start1164_97_1306_229.mp4,Standing
CORDEMAIS_202403291200_D06_clip103_start471_701_622_809.mp4,Lying
CORDEMAIS_202403291200_D06_clip115_start969_482_1113_535.mp4,Lying
CORDEMAIS_202403291200_D06_clip185_start36_747_159_868.mp4,Lying
CORDEMAIS_202403291500_D05_clip144_start11_190_264_350.mp4,Standing
CORDEMAIS_202403301000_D06_clip140_start1492_621_1901_1128.mp4,Walking
CORDEMAIS_202403301000_D06_clip35_start0_856_88_1104.mp4,Lying
CORDEMAIS_202403301000_D06_clip35_start213_725_515_879.mp4,Lying
CORDEMAIS_202403301000_D06_clip35_start2446_586_2542_683.mp4,Lying
CORDEMAIS_202403301400_D02_clip176_start973_164_1126_365.mp4,Standing
CORDEMAIS_202403301600_D06_clip52_start0_895_199_1143.mp4,Lying
CORDEMAIS_202403301600_D06_clip56_start783_497_1071_659.mp4,Standing
CORDEMAIS_202403311000_D01_clip251_start1778_0_2037_466.mp4,Standing
CORDEMAIS_202403311000_D01_clip31_start339_0_656_149.mp4,Lying
CORDEMAIS_202403311400_D03_clip0_start924_351_1218_503.mp4,Scratching
CORDEMAIS_202403311400_D03_clip166_start747_275_843_364.mp4,Lying
CORDEMAIS_202403311400_D03_clip99_start204_227_385_325.mp4,Standing
CORDEMAIS_202403311400_D05_clip165_start108_354_349_496.mp4,Lying
CORDEMAIS_202403311400_D05_clip62_start1949_246_2097_398.mp4,Standing
CORDEMAIS_202403311500_D01_clip205_start988_730_1974_1439.mp4,Lying
CORDEMAIS_202403311500_D03_clip139_start222_461_469_604.mp4,Lying
CORDEMAIS_202403311500_D03_clip181_start1637_155_1707_205.mp4,Standing
CORDEMAIS_202403311500_D03_clip34_start872_116_969_158.mp4,Standing
CORDEMAIS_202403311500_D05_clip35_start1157_124_1422_229.mp4,Standing
CORDEMAIS_202403311500_D05_clip47_start2294_361_2389_539.mp4,Feeding
CORDEMAIS_202403311600_D07_clip114_start1485_646_1980_915.mp4,Standing
CORDEMAIS_202403311600_D07_clip153_start2261_560_2409_795.mp4,Standing
CORDEMAIS_202403311600_D07_clip88_start1797_610_2226_912.mp4,Drinking
CORDEMAIS_202404010900_D06_clip148_start7_762_70_843.mp4,Lying
CORDEMAIS_202404010900_D06_clip18_start652_517_817_667.mp4,Lying
CORDEMAIS_202404010900_D08_clip24_start917_333_1052_474.mp4,Standing
CORDEMAIS_202404011100_D02_clip166_start2241_270_2356_339.mp4,Lying
CORDEMAIS_202404011100_D06_clip155_start510_523_728_678.mp4,Lying
CORDEMAIS_202404011300_D07_clip52_start2428_474_2559_558.mp4,Standing
CORDEMAIS_202404011400_D02_clip42_start1396_212_1636_334.mp4,Lying
CORDEMAIS_202404011400_D02_clip42_start1868_250_2062_339.mp4,Standing
CORDEMAIS_202404011400_D02_clip42_start28_620_806_1153.mp4,Scratching
CORDEMAIS_202404011400_D05_clip13_start1226_310_1483_567.mp4,Lying
CORDEMAIS_202404011400_D05_clip156_start1077_94_1270_228.mp4,Standing
CORDEMAIS_202404011400_D05_clip206_start1621_451_1917_764.mp4,Lying
CORDEMAIS_202404021200_D05_clip104_start1410_299_1742_659.mp4,Standing
CORDEMAIS_202404021200_D05_clip175_start1445_276_1721_394.mp4,Lying
CORDEMAIS_202404021200_D05_clip184_start1448_770_2417_1439.mp4,Standing
CORDEMAIS_202404021200_D05_clip58_start1040_176_1261_279.mp4,Lying
CORDEMAIS_202404021400_D03_clip143_start2268_496_2435_609.mp4,Walking
CORDEMAIS_202404021500_D05_clip122_start1627_146_1717_263.mp4,Standing
CORDEMAIS_202404030900_D08_clip110_start1929_250_2134_378.mp4,Standing
CORDEMAIS_202404030900_D08_clip22_start680_293_805_370.mp4,Standing
CORDEMAIS_202404030900_D08_clip43_start570_560_730_955.mp4,Feeding
CORDEMAIS_202404031100_D05_clip218_start1234_61_1342_162.mp4,Standing
CORDEMAIS_202404031100_D05_clip228_start813_203_1026_383.mp4,Lying
CORDEMAIS_202404031100_D05_clip230_start2107_342_2249_610.mp4,Standing
CORDEMAIS_202404031100_D05_clip236_start9_201_336_395.mp4,Standing
CORDEMAIS_202404031500_D02_clip72_start425_783_1492_1095.mp4,Standing
CORDEMAIS_202404031500_D02_clip80_start2339_890_2559_1317.mp4,Standing
CORDEMAIS_202404031500_D06_clip112_start658_755_1014_1154.mp4,Lying
CORDEMAIS_202404031500_D06_clip142_start779_455_896_656.mp4,Standing
CORDEMAIS_202404041100_D02_clip0_start800_179_923_373.mp4,Standing
CORDEMAIS_202404050900_D02_clip54_start1892_438_2167_686.mp4,Lying
CORDEMAIS_202404051200_D08_clip215_start1030_496_1288_998.mp4,Feeding
CORDEMAIS_202404051400_D06_clip166_start0_805_321_1133.mp4,Lying
CORDEMAIS_202404051400_D06_clip213_start1308_425_1395_604.mp4,Standing
CORDEMAIS_202404051400_D08_clip130_start1130_266_1260_388.mp4,Lying
CORDEMAIS_202404051400_D08_clip18_start1431_299_1529_529.mp4,Standing
CORDEMAIS_202404051400_D08_clip35_start1903_260_1990_363.mp4,Lying
CORDEMAIS_202404051500_D07_clip165_start978_1180_2221_1439.mp4,Standing
CORDEMAIS_202404051500_D07_clip209_start2333_580_2504_836.mp4,Standing
CORDEMAIS_202404061200_D02_clip294_start2274_839_2559_1268.mp4,Standing
CORDEMAIS_202404061400_D02_clip236_start2079_339_2368_753.mp4,Standing
CORDEMAIS_202404061600_D07_clip209_start1978_941_2559_1227.mp4,Standing
CORDEMAIS_202404070900_D06_clip165_start289_510_427_665.mp4,Standing
CORDEMAIS_202404070900_D06_clip310_start1065_439_1208_588.mp4,Standing
CORDEMAIS_202404070900_D08_clip108_start2241_310_2409_538.mp4,Standing
CORDEMAIS_202404070900_D08_clip188_start1600_339_1731_406.mp4,Lying
CORDEMAIS_202404070900_D08_clip50_start1867_264_2089_372.mp4,Standing
CORDEMAIS_202404070900_D08_clip50_start56_512_228_644.mp4,Lying
CORDEMAIS_202404071000_D07_clip193_start2497_545_2559_630.mp4,Standing
CORDEMAIS_202404071200_D02_clip187_start1270_226_1376_265.mp4,Standing
CORDEMAIS_202404071300_D08_clip104_start2067_260_2130_383.mp4,Lying
CORDEMAIS_202404071400_D03_clip13_start942_77_1050_153.mp4,Standing
CORDEMAIS_202404071400_D03_clip196_start173_265_430_416.mp4,Standing
CORDEMAIS_202404071400_D03_clip45_start241_442_816_709.mp4,Standing
CORDEMAIS_202404071400_D03_clip45_start951_154_1177_247.mp4,Standing
CORDEMAIS_202404071400_D03_clip46_start260_745_722_928.mp4,Lying
CORDEMAIS_202404080900_D02_clip139_start827_249_958_392.mp4,Lying
CORDEMAIS_202404080900_D02_clip212_start1590_168_1692_288.mp4,Standing
CORDEMAIS_202404081100_D08_clip229_start1627_292_1787_546.mp4,Standing
CORDEMAIS_202404081100_D08_clip237_start1102_315_1209_530.mp4,Standing
CORDEMAIS_202404081500_D06_clip96_start2437_475_2548_536.mp4,Lying
CORDEMAIS_202404091100_D06_clip142_start434_566_594_854.mp4,Standing
CORDEMAIS_202404091100_D06_clip142_start80_611_166_698.mp4,Lying
CORDEMAIS_202404091100_D06_clip169_start209_521_311_673.mp4,Standing
CORDEMAIS_202404091100_D06_clip75_start11_820_257_1104.mp4,Lying
CORDEMAIS_202404091100_D06_clip76_start2108_436_2234_509.mp4,Lying
CORDEMAIS_202404091100_D06_clip76_start444_570_579_699.mp4,Standing
CORDEMAIS_202404091200_D05_clip227_start1896_276_2178_442.mp4,Standing
CORDEMAIS_202404091200_D05_clip24_start1533_122_1651_231.mp4,Standing
CORDEMAIS_202404091300_D05_clip167_start2380_331_2461_404.mp4,Lying
CYPRES_202502211300_D06_fixed_clip33_start2059_677_2210_798.mp4,Lying
CYPRES_202502211600_D06_fixed_clip10_start2062_641_2214_755.mp4,Lying
CYPRES_202502221400_D06_fixed_clip91_start17_554_268_706.mp4,Lying
CYPRES_202502221500_D06_fixed_clip193_start1411_456_1599_644.mp4,Walking
CYPRES_202502221600_D06_fixed_clip221_start890_440_1030_624.mp4,Standing
CYPRES_202502231000_D06_fixed_clip268_start0_554_238_746.mp4,Lying
CYPRES_202502231000_D06_fixed_clip46_start2053_665_2354_755.mp4,Standing
CYPRES_202502241000_D06_fixed_clip475_start649_636_873_1230.mp4,Feeding
CYPRES_202502241100_D03_fixed_clip152_start2009_768_2559_1302.mp4,Standing
CYPRES_202502241100_D03_fixed_clip83_start608_250_786_354.mp4,Lying
CYPRES_202502241300_D03_fixed_clip119_start0_880_329_1189.mp4,Lying
CYPRES_202502241600_D06_fixed_clip195_start1741_710_2070_1175.mp4,Feeding
CYPRES_202502251600_D06_fixed_clip333_start158_719_526_930.mp4,Standing
CYPRES_202502261500_D01_fixed_clip266_start1708_330_2008_603.mp4,Lying
CYPRES_202502261500_D01_fixed_clip272_start2356_468_2559_619.mp4,Lying
CYPRES_202502271000_D03_fixed_clip189_start1023_250_1179_369.mp4,Lying
CYPRES_202502271000_D03_fixed_clip272_start535_324_829_564.mp4,Lying
CYPRES_202502271000_D03_fixed_clip272_start782_115_951_209.mp4,Feeding
CYPRES_202502271000_D03_fixed_clip311_start2181_236_2338_319.mp4,Scratching
CYPRES_202502271000_D03_fixed_clip88_start169_201_362_296.mp4,Standing
CYPRES_202502271100_D06_fixed_clip45_start0_594_70_748.mp4,Lying
CYPRES_202502271100_D06_fixed_clip46_start108_677_315_1115.mp4,Feeding
CYPRES_202502271300_D03_fixed_clip11_start267_205_418_271.mp4,Standing
CYPRES_202502271300_D03_fixed_clip311_start440_181_604_257.mp4,Standing
CYPRES_202502271300_D03_fixed_clip343_start301_164_429_204.mp4,Standing
CYPRES_202502271300_D03_fixed_clip37_start1901_177_1998_300.mp4,Standing
CYPRES_202502271300_D03_fixed_clip60_start881_330_1145_649.mp4,Lying
CYPRES_202502271300_D03_fixed_clip72_start1839_174_1941_278.mp4,Feeding
CYPRES_202502271300_D03_fixed_clip72_start351_323_536_478.mp4,Lying
CYPRES_202502271400_D03_fixed_clip134_start1111_347_1452_647.mp4,Lying
CYPRES_202502271400_D03_fixed_clip29_start2459_352_2559_479.mp4,Standing
CYPRES_202502271400_D03_fixed_clip304_start1139_261_1321_376.mp4,Lying
CYPRES_202502271500_D01_fixed_clip22_start388_1089_896_1439.mp4,Lying
CYPRES_202502271600_D06_fixed_clip22_start1646_695_1837_1173.mp4,Feeding
CYPRES_202502271600_D06_fixed_clip379_start897_499_1137_614.mp4,Standing
CYPRES_202502271600_D06_fixed_clip522_start230_658_531_1155.mp4,Feeding
CYPRES_202502281100_D01_fixed_clip63_start1498_248_1803_849.mp4,Standing
CYPRES_202502281100_D06_fixed_clip226_start1813_701_2214_1087.mp4,Standing
CYPRES_202502281100_D06_fixed_clip316_start2366_881_2521_1048.mp4,Feeding
CYPRES_202502281100_D06_fixed_clip39_start2154_719_2452_973.mp4,Feeding
CYPRES_202502281400_D03_fixed_clip173_start1398_347_1707_663.mp4,Lying
CYPRES_202502281400_D03_fixed_clip277_start1532_130_1617_301.mp4,Feeding
CYPRES_202502281400_D03_fixed_clip29_start1545_136_1635_305.mp4,Feeding
CYPRES_202503011100_D01_fixed_clip132_start1302_1010_1971_1439.mp4,Lying
CYPRES_202503011100_D01_fixed_clip132_start1705_213_1972_342.mp4,Lying
CYPRES_202503011100_D01_fixed_clip208_start2429_268_2524_368.mp4,Lying
CYPRES_202503011100_D01_fixed_clip269_start0_704_507_1069.mp4,Standing
CYPRES_202503011100_D01_fixed_clip357_start1370_245_1599_316.mp4,Lying
CYPRES_202503011100_D01_fixed_clip40_start1836_102_2112_233.mp4,Standing
CYPRES_202503011200_D03_fixed_clip131_start443_270_534_350.mp4,Lying
CYPRES_202503011200_D03_fixed_clip339_start0_255_51_331.mp4,Standing
CYPRES_202503011200_D03_fixed_clip353_start617_296_697_417.mp4,Lying
CYPRES_202503011200_D03_fixed_clip353_start822_110_958_210.mp4,Feeding
CYPRES_202503011300_D03_fixed_clip239_start605_242_897_662.mp4,Standing
CYPRES_202503011300_D03_fixed_clip300_start2071_480_2501_895.mp4,Lying
CYPRES_202503011400_D03_fixed_clip205_start1705_296_1909_727.mp4,Standing
CYPRES_202503011400_D03_fixed_clip205_start561_246_747_349.mp4,Lying
CYPRES_202503011400_D03_fixed_clip224_start1502_286_1687_391.mp4,Lying
CYPRES_202503011400_D03_fixed_clip238_start2399_1291_2559_1439.mp4,Lying
CYPRES_202503011400_D03_fixed_clip265_start0_365_94_489.mp4,Lying
CYPRES_202503011400_D03_fixed_clip265_start345_267_427_349.mp4,Lying
CYPRES_202503011400_D03_fixed_clip269_start657_127_715_219.mp4,Standing
CYPRES_202503011400_D03_fixed_clip44_start2431_304_2552_444.mp4,Feeding
CYPRES_202503011400_D06_fixed_clip321_start2099_724_2430_820.mp4,Scratching
CYPRES_202503011400_D06_fixed_clip332_start1837_614_2115_779.mp4,Scratching
CYPRES_202503011600_D03_fixed_clip347_start0_552_79_829.mp4,Standing
CYPRES_202503011600_D03_fixed_clip40_start858_1011_1474_1439.mp4,Lying
CYPRES_202503011600_D03_fixed_clip65_start669_374_953_646.mp4,Lying
CYPRES_202503020900_D01_fixed_clip62_start316_455_949_855.mp4,Standing
CYPRES_202503020900_D03_fixed_clip453_start1299_115_1384_274.mp4,Standing
CYPRES_202503020900_D03_fixed_clip485_start1040_110_1129_262.mp4,Standing
CYPRES_202503021100_D03_fixed_clip222_start2115_509_2478_835.mp4,Lying
CYPRES_202503021100_D03_fixed_clip3_start2348_285_2425_372.mp4,Standing
CYPRES_202503021100_D03_fixed_clip4_start0_428_112_495.mp4,Lying
CYPRES_202503021100_D03_fixed_clip4_start907_112_1106_209.mp4,Standing
CYPRES_202503031000_D06_fixed_clip148_start364_645_759_994.mp4,Standing
CYPRES_202503031000_D06_fixed_clip209_start120_466_273_636.mp4,Standing
CYPRES_202503031500_D06_fixed_clip176_start757_470_1000_798.mp4,Standing
CYPRES_202503041100_D03_fixed_clip246_start589_245_736_354.mp4,Lying
CYPRES_202503041100_D03_fixed_clip248_start0_361_169_519.mp4,Standing
CYPRES_202503041100_D03_fixed_clip354_start996_134_1236_268.mp4,Standing
CYPRES_202503041100_D03_fixed_clip65_start1407_116_1453_148.mp4,Standing
CYPRES_202503041100_D03_fixed_clip74_start631_126_728_170.mp4,Standing
CYPRES_202503041100_D03_fixed_clip80_start1071_109_1171_212.mp4,Standing
CYPRES_202503041400_D01_fixed_clip182_start507_178_697_378.mp4,Standing
CYPRES_202503041400_D01_fixed_clip208_start0_686_515_1064.mp4,Standing
CYPRES_202503041400_D01_fixed_clip299_start902_275_1233_809.mp4,Self-grooming
CYPRES_202503041400_D03_fixed_clip1_start2073_365_2217_505.mp4,Lying
CYPRES_202503041400_D03_fixed_clip200_start1529_1205_2057_1439.mp4,Lying
CYPRES_202503041400_D03_fixed_clip216_start1408_161_1671_294.mp4,Self-grooming
CYPRES_202503041400_D03_fixed_clip23_start497_357_842_575.mp4,Lying
CYPRES_202503041400_D03_fixed_clip334_start722_348_855_438.mp4,Lying
CYPRES_202503041400_D03_fixed_clip335_start0_851_355_1210.mp4,Lying
CYPRES_202503041400_D03_fixed_clip340_start2239_522_2466_803.mp4,Lying
CYPRES_202503041400_D03_fixed_clip53_start1289_111_1384_251.mp4,Standing
CYPRES_202503041400_D03_fixed_clip56_start2027_396_2413_937.mp4,Standing
CYPRES_202503041400_D03_fixed_clip72_start1290_116_1372_216.mp4,Standing
CYPRES_202503041400_D03_fixed_clip72_start569_126_681_216.mp4,Standing
CYPRES_202503041400_D03_fixed_clip72_start687_412_941_653.mp4,Lying
CYPRES_202503041500_D03_fixed_clip15_start787_138_950_268.mp4,Standing
CYPRES_202503041500_D03_fixed_clip166_start52_242_137_315.mp4,Standing
CYPRES_202503041500_D03_fixed_clip198_start62_421_183_534.mp4,Lying
CYPRES_202503041500_D03_fixed_clip23_start212_270_327_385.mp4,Lying
CYPRES_202503041500_D03_fixed_clip23_start663_397_946_655.mp4,Lying
CYPRES_202503041500_D03_fixed_clip25_start840_120_923_250.mp4,Standing
CYPRES_202503041500_D03_fixed_clip318_start881_111_974_244.mp4,Standing
CYPRES_202503041500_D03_fixed_clip66_start1778_161_1870_302.mp4,Standing
CYPRES_202503050900_D03_fixed_clip132_start1916_1176_2498_1439.mp4,Lying
CYPRES_202503050900_D03_fixed_clip203_start80_361_238_568.mp4,Lying
CYPRES_202503050900_D03_fixed_clip266_start884_375_1186_580.mp4,Lying
CYPRES_202503050900_D03_fixed_clip270_start2018_560_2559_974.mp4,Standing
CYPRES_202503050900_D03_fixed_clip8_start1667_153_1741_305.mp4,Standing
CYPRES_202503050900_D03_fixed_clip8_start2483_320_2551_457.mp4,Standing
CYPRES_202503051100_D01_fixed_clip325_start2400_641_2559_1062.mp4,Standing
CYPRES_202503051100_D01_fixed_clip67_start0_1021_400_1439.mp4,Lying
CYPRES_202503051600_D01_fixed_clip112_start1780_199_1894_332.mp4,Lying
CYPRES_202503051600_D01_fixed_clip112_start756_265_897_374.mp4,Lying
CYPRES_202503051600_D01_fixed_clip157_start0_1031_212_1324.mp4,Lying
CYPRES_202503051600_D01_fixed_clip41_start2047_86_2133_147.mp4,Standing
CYPRES_202503051600_D01_fixed_clip65_start2435_990_2559_1308.mp4,Lying
CYPRES_202503051600_D01_fixed_clip67_start0_415_104_723.mp4,Standing
CYPRES_202503051600_D01_fixed_clip67_start2185_104_2371_177.mp4,Standing
CYPRES_202503061000_D06_fixed_clip246_start849_837_986_1140.mp4,Feeding
CYPRES_202503061000_D06_fixed_clip286_start662_452_978_630.mp4,Standing
CYPRES_202503061000_D06_fixed_clip305_start822_769_967_1235.mp4,Feeding
CYPRES_202503061000_D06_fixed_clip39_start1814_394_1919_493.mp4,Standing
CYPRES_202503061100_D06_fixed_clip10_start757_691_1144_1119.mp4,Feeding
CYPRES_202503061100_D06_fixed_clip162_start1610_683_1779_1210.mp4,Feeding
CYPRES_202503061300_D03_fixed_clip116_start563_256_716_354.mp4,Lying
CYPRES_202503061300_D03_fixed_clip187_start941_255_1155_430.mp4,Lying
CYPRES_202503061300_D03_fixed_clip248_start1387_169_1483_382.mp4,Standing
CYPRES_202503061300_D03_fixed_clip270_start1848_171_1946_278.mp4,Feeding
CYPRES_202503061300_D03_fixed_clip330_start191_626_1005_1439.mp4,Standing
CYPRES_202503061500_D01_fixed_clip100_start606_145_756_258.mp4,Feeding
CYPRES_202503061500_D01_fixed_clip175_start215_330_619_695.mp4,Standing
CYPRES_202503061500_D01_fixed_clip188_start1059_266_1165_344.mp4,Lying
CYPRES_202503061500_D01_fixed_clip188_start933_96_1022_174.mp4,Other
CYPRES_202503061500_D01_fixed_clip267_start1237_75_1349_216.mp4,Standing
CYPRES_202503061500_D01_fixed_clip267_start1297_1025_1954_1439.mp4,Lying
CYPRES_202503061500_D01_fixed_clip306_start1474_309_1768_651.mp4,Lying
CYPRES_202503071300_D06_fixed_clip180_start197_579_516_777.mp4,Standing
CYPRES_202503071300_D06_fixed_clip190_start1676_698_1985_1158.mp4,Feeding
CYPRES_202503071400_D06_fixed_clip14_start2153_745_2320_819.mp4,Standing
CYPRES_202503071400_D06_fixed_clip270_start101_430_263_608.mp4,Standing
CYPRES_202503071500_D01_fixed_clip232_start2317_344_2551_647.mp4,Lying
CYPRES_202503071500_D01_fixed_clip232_start2520_382_2559_448.mp4,Lying
CYPRES_202503071500_D01_fixed_clip68_start947_350_1203_553.mp4,Lying
CYPRES_202503090900_D01_fixed_clip187_start126_625_949_1050.mp4,Standing
CYPRES_202503090900_D01_fixed_clip188_start1236_346_1482_629.mp4,Lying
CYPRES_202503090900_D01_fixed_clip19_start1314_68_1482_229.mp4,Feeding
CYPRES_202503091600_D06_fixed_clip117_start783_575_950_903.mp4,Walking
CYPRES_202503091600_D06_fixed_clip164_start853_647_1147_1039.mp4,Feeding
CYPRES_202503091600_D06_fixed_clip240_start2006_617_2246_758.mp4,Lying
CYPRES_202503100900_D03_fixed_clip246_start2328_1287_2559_1439.mp4,Lying
CYPRES_202503100900_D03_fixed_clip266_start2093_246_2319_414.mp4,Self-grooming
CYPRES_202503101000_D01_fixed_clip180_start1627_314_2016_625.mp4,Lying
CYPRES_202503101000_D06_fixed_clip144_start179_665_587_886.mp4,Walking
CYPRES_202503101100_D01_fixed_clip161_start425_295_638_675.mp4,Standing
CYPRES_202503101300_D06_fixed_clip155_start1827_445_1975_503.mp4,Standing
CYPRES_202503101300_D06_fixed_clip239_start1874_449_2005_504.mp4,Standing
CYPRES_202503101300_D06_fixed_clip287_start650_460_995_681.mp4,Standing
CYPRES_202503101300_D06_fixed_clip307_start1698_434_1830_489.mp4,Lying
CYPRES_202503101300_D06_fixed_clip316_start650_459_963_663.mp4,Standing
CYPRES_202503101300_D06_fixed_clip324_start302_715_803_958.mp4,Standing
CYPRES_202503101300_D06_fixed_clip365_start536_402_913_672.mp4,Lying
CYPRES_202503101300_D06_fixed_clip504_start2333_667_2448_771.mp4,Lying
CYPRES_202503101300_D06_fixed_clip62_start2114_749_2430_973.mp4,Standing
CYPRES_202503101600_D01_fixed_clip137_start2259_1007_2559_1439.mp4,Lying
CYPRES_202503101600_D01_fixed_clip344_start985_270_1233_349.mp4,Lying
CYPRES_202503101600_D01_fixed_clip347_start13_1083_470_1439.mp4,Lying
CYPRES_202503110900_D03_fixed_clip428_start1542_132_1635_291.mp4,Feeding
CYPRES_202503111000_D03_fixed_clip127_start1191_107_1342_215.mp4,Feeding
CYPRES_202503111000_D03_fixed_clip417_start1022_104_1111_209.mp4,Feeding
CYPRES_202503111100_D01_fixed_clip12_start1297_1052_1956_1439.mp4,Lying
CYPRES_202503111100_D01_fixed_clip181_start1729_60_1830_169.mp4,Feeding
CYPRES_202503111100_D01_fixed_clip245_start1756_216_1885_335.mp4,Lying
CYPRES_202503111100_D01_fixed_clip245_start419_319_636_742.mp4,Standing
CYPRES_202503111100_D01_fixed_clip284_start702_400_990_735.mp4,Lying
CYPRES_202503111100_D01_fixed_clip36_start2196_235_2371_373.mp4,Lying
CYPRES_202503111100_D01_fixed_clip55_start1849_81_1977_173.mp4,Standing
CYPRES_202503111100_D01_fixed_clip73_start111_277_318_446.mp4,Standing
CYPRES_202503111100_D01_fixed_clip73_start1703_335_2016_594.mp4,Lying
CYPRES_202503111100_D01_fixed_clip84_start0_412_347_872.mp4,Standing
CYPRES_202503111100_D01_fixed_clip8_start1272_236_1502_764.mp4,Standing
CYPRES_202503111100_D01_fixed_clip8_start809_116_1005_214.mp4,Standing
CYPRES_202503111100_D06_fixed_clip189_start1726_446_1808_490.mp4,Lying
CYPRES_202503111100_D06_fixed_clip312_start209_665_531_1169.mp4,Feeding
CYPRES_202503111100_D06_fixed_clip7_start308_663_614_1181.mp4,Feeding
CYPRES_202503111400_D01_fixed_clip182_start790_1157_1359_1439.mp4,Lying
CYPRES_202503121200_D06_fixed_clip114_start1545_596_1928_772.mp4,Walking
SAULAIE_202503141600_D08_fixed_clip24_start46_368_96_450.mp4,Standing
SAULAIE_202503141600_D08_fixed_clip44_start0_466_180_608.mp4,Drinking
SAULAIE_202503151000_D03_fixed_clip250_start1431_435_1721_700.mp4,Lying
SAULAIE_202503151200_D04_fixed_clip203_start138_280_230_370.mp4,Standing
SAULAIE_202503151200_D04_fixed_clip300_start1350_389_1467_488.mp4,Lying
SAULAIE_202503151200_D04_fixed_clip4_start107_329_176_424.mp4,Lying
SAULAIE_202503151300_D02_fixed_clip148_start179_429_642_819.mp4,Lying
SAULAIE_202503151300_D02_fixed_clip169_start1572_111_2077_374.mp4,Standing
SAULAIE_202503151300_D02_fixed_clip17_start628_131_909_323.mp4,Lying
SAULAIE_202503151300_D02_fixed_clip213_start90_602_511_1013.mp4,Lying
SAULAIE_202503151300_D02_fixed_clip69_start434_281_697_509.mp4,Lying
SAULAIE_202503151300_D08_fixed_clip170_start1369_191_1470_289.mp4,Lying
SAULAIE_202503151300_D08_fixed_clip22_start143_556_301_746.mp4,Lying
SAULAIE_202503151300_D08_fixed_clip22_start867_504_1076_739.mp4,Lying
SAULAIE_202503151300_D08_fixed_clip39_start1209_244_1297_308.mp4,Lying
SAULAIE_202503151300_D08_fixed_clip39_start757_330_1012_468.mp4,Lying
SAULAIE_202503151400_D02_fixed_clip328_start1558_1071_2434_1439.mp4,Lying
SAULAIE_202503151500_D03_fixed_clip12_start378_159_550_292.mp4,Standing
SAULAIE_202503151500_D03_fixed_clip132_start390_169_525_293.mp4,Standing
SAULAIE_202503151500_D03_fixed_clip303_start1084_139_1296_250.mp4,Standing
SAULAIE_202503151500_D03_fixed_clip303_start1110_206_1226_384.mp4,Standing
SAULAIE_202503151500_D03_fixed_clip303_start1840_344_1972_438.mp4,Lying
SAULAIE_202503151500_D03_fixed_clip327_start1117_846_1416_1439.mp4,Feeding
SAULAIE_202503151500_D03_fixed_clip335_start10_445_315_694.mp4,Standing
SAULAIE_202503151500_D03_fixed_clip343_start855_138_1096_264.mp4,Walking
SAULAIE_202503151500_D03_fixed_clip344_start2143_316_2247_416.mp4,Standing
SAULAIE_202503151600_D01_fixed_clip31_start2320_615_2559_970.mp4,Lying
SAULAIE_202503151600_D01_fixed_clip34_start1424_209_1527_350.mp4,Feeding
SAULAIE_202503151600_D01_fixed_clip34_start2320_611_2559_965.mp4,Lying
SAULAIE_202503151600_D01_fixed_clip7_start1350_201_1479_348.mp4,Feeding
SAULAIE_202503151600_D01_fixed_clip7_start2276_304_2381_447.mp4,Feeding
SAULAIE_202503161100_D01_fixed_clip166_start538_266_738_369.mp4,Standing
SAULAIE_202503161100_D01_fixed_clip32_start1101_236_1341_314.mp4,Other
SAULAIE_202503161100_D01_fixed_clip65_start1556_556_1909_1016.mp4,Lying
SAULAIE_202503161100_D03_fixed_clip22_start1237_300_1393_405.mp4,Lying
SAULAIE_202503161100_D03_fixed_clip30_start1886_543_2175_663.mp4,Standing
SAULAIE_202503161200_D03_fixed_clip282_start1238_300_1390_406.mp4,Lying
SAULAIE_202503161200_D03_fixed_clip4_start488_286_670_559.mp4,Standing
SAULAIE_202503161200_D03_fixed_clip4_start573_125_718_254.mp4,Standing
SAULAIE_202503161300_D01_fixed_clip230_start960_528_1252_993.mp4,Lying
SAULAIE_202503161300_D01_fixed_clip249_start1877_250_1947_382.mp4,Feeding
SAULAIE_202503161300_D01_fixed_clip345_start1031_527_1252_833.mp4,Lying
SAULAIE_202503161300_D01_fixed_clip354_start713_250_940_411.mp4,Standing
SAULAIE_202503161300_D03_fixed_clip10_start46_351_183_450.mp4,Lying
SAULAIE_202503161300_D03_fixed_clip152_start964_195_1072_391.mp4,Standing
SAULAIE_202503161300_D03_fixed_clip162_start1830_341_2016_447.mp4,Lying
SAULAIE_202503161300_D03_fixed_clip208_start1850_501_2043_685.mp4,Lying
SAULAIE_202503161300_D04_fixed_clip306_start1431_505_1574_751.mp4,Lying
SAULAIE_202503161600_D01_fixed_clip104_start1569_215_1669_359.mp4,Feeding
SAULAIE_202503161600_D01_fixed_clip334_start2378_326_2448_463.mp4,Feeding
SAULAIE_202503170900_D03_fixed_clip336_start257_579_685_963.mp4,Walking
SAULAIE_202503170900_D03_fixed_clip370_start1502_471_1698_768.mp4,Lying
SAULAIE_202503171300_D02_fixed_clip527_start1663_530_2217_785.mp4,Lying
SAULAIE_202503171300_D08_fixed_clip218_start1413_341_1536_446.mp4,Lying
SAULAIE_202503171300_D08_fixed_clip218_start1920_783_2142_1396.mp4,Feeding
SAULAIE_202503171300_D08_fixed_clip317_start676_474_950_708.mp4,Lying
SAULAIE_202503171300_D08_fixed_clip43_start1794_341_1941_423.mp4,Lying
SAULAIE_202503180900_D04_fixed_clip523_start1067_369_1331_619.mp4,Drinking
SAULAIE_202503180900_D04_fixed_clip7_start1859_785_2104_1339.mp4,Feeding
SAULAIE_202503180900_D04_fixed_clip7_start356_797_522_1209.mp4,Feeding
SAULAIE_202503181000_D01_fixed_clip182_start2039_279_2166_394.mp4,Standing
SAULAIE_202503181000_D01_fixed_clip32_start1287_381_1500_538.mp4,Lying
SAULAIE_202503181000_D01_fixed_clip50_start1572_251_1671_468.mp4,Standing
SAULAIE_202503181000_D01_fixed_clip50_start706_238_977_429.mp4,Walking
SAULAIE_202503181000_D04_fixed_clip294_start1445_490_1608_779.mp4,Standing
SAULAIE_202503181000_D04_fixed_clip315_start388_843_852_1404.mp4,Feeding
SAULAIE_202503181100_D02_fixed_clip137_start418_351_726_540.mp4,Lying
SAULAIE_202503181100_D02_fixed_clip316_start342_142_460_243.mp4,Lying
SAULAIE_202503181400_D01_fixed_clip138_start899_235_1174_473.mp4,Standing
SAULAIE_202503181400_D01_fixed_clip264_start1254_381_1497_539.mp4,Lying
SAULAIE_202503181400_D01_fixed_clip264_start1889_567_2208_1019.mp4,Lying
SAULAIE_202503181400_D01_fixed_clip307_start2120_682_2496_1019.mp4,Lying
SAULAIE_202503181400_D01_fixed_clip43_start1583_576_1991_996.mp4,Lying
SAULAIE_202503181400_D01_fixed_clip64_start1965_392_2203_519.mp4,Lying
SAULAIE_202503181400_D03_fixed_clip299_start1789_135_1871_230.mp4,Standing
SAULAIE_202503181400_D03_fixed_clip98_start1881_352_2211_619.mp4,Standing
SAULAIE_202503181600_D04_fixed_clip280_start1855_546_2051_714.mp4,Lying
SAULAIE_202503181600_D04_fixed_clip344_start1498_510_1746_753.mp4,Lying
SAULAIE_202503181600_D04_fixed_clip96_start2108_569_2285_734.mp4,Scratching
SAULAIE_202503190900_D01_fixed_clip155_start1280_511_1810_1273.mp4,Standing
SAULAIE_202503190900_D01_fixed_clip312_start890_518_1296_999.mp4,Lying
SAULAIE_202503190900_D08_fixed_clip194_start1751_175_1811_289.mp4,Standing
SAULAIE_202503191100_D02_fixed_clip319_start1583_529_2241_875.mp4,Lying
SAULAIE_202503191100_D02_fixed_clip31_start207_443_559_684.mp4,Lying
SAULAIE_202503191100_D02_fixed_clip31_start302_50_381_157.mp4,Standing
SAULAIE_202503191100_D04_fixed_clip180_start516_796_881_1439.mp4,Feeding
SAULAIE_202503191300_D04_fixed_clip165_start2017_324_2142_421.mp4,Scratching
SAULAIE_202503191300_D04_fixed_clip351_start627_818_845_1439.mp4,Feeding
SAULAIE_202503191300_D04_fixed_clip401_start1432_526_1591_719.mp4,Standing
SAULAIE_202503191300_D04_fixed_clip43_start1496_810_1894_1394.mp4,Feeding
SAULAIE_202503191300_D04_fixed_clip81_start204_569_350_782.mp4,Lying
SAULAIE_202503191600_D02_fixed_clip241_start1431_4_1697_324.mp4,Standing
SAULAIE_202503191600_D04_fixed_clip112_start207_297_335_393.mp4,Lying
SAULAIE_202503191600_D04_fixed_clip114_start2151_355_2306_439.mp4,Standing
SAULAIE_202503191600_D04_fixed_clip18_start1949_320_2095_404.mp4,Standing
SAULAIE_202503191600_D04_fixed_clip18_start2274_736_2559_971.mp4,Walking
SAULAIE_202503191600_D04_fixed_clip73_start1714_586_2039_798.mp4,Standing
SAULAIE_202503200900_D02_fixed_clip169_start374_330_706_536.mp4,Lying
SAULAIE_202503200900_D02_fixed_clip240_start1698_381_2088_613.mp4,Lying
SAULAIE_202503200900_D02_fixed_clip3_start1761_100_1947_198.mp4,Lying
SAULAIE_202503200900_D04_fixed_clip196_start2040_550_2150_700.mp4,Lying
SAULAIE_202503200900_D04_fixed_clip1_start2373_741_2552_935.mp4,Lying
SAULAIE_202503200900_D04_fixed_clip222_start1128_411_1287_650.mp4,Standing
SAULAIE_202503201100_D01_fixed_clip273_start1892_418_2016_569.mp4,Lying
SAULAIE_202503201100_D01_fixed_clip289_start868_201_1019_267.mp4,Standing
SAULAIE_202503201100_D01_fixed_clip50_start880_205_958_387.mp4,Feeding
SAULAIE_202503201100_D04_fixed_clip157_start871_245_1068_372.mp4,Standing
SAULAIE_202503201100_D04_fixed_clip215_start1876_296_1986_390.mp4,Standing
SAULAIE_202503201100_D04_fixed_clip264_start1994_315_2149_415.mp4,Scratching
SAULAIE_202503201100_D04_fixed_clip336_start2080_528_2282_718.mp4,Lying
SAULAIE_202503201200_D03_fixed_clip339_start917_306_1067_403.mp4,Lying
SAULAIE_202503201300_D02_fixed_clip235_start1646_531_2181_876.mp4,Lying
SAULAIE_202503201300_D02_fixed_clip262_start0_446_85_562.mp4,Lying
SAULAIE_202503201300_D02_fixed_clip46_start991_85_1171_219.mp4,Standing
SAULAIE_202503201400_D08_fixed_clip109_start1030_402_1224_690.mp4,Standing
SAULAIE_202503201400_D08_fixed_clip175_start2408_394_2559_528.mp4,Standing
SAULAIE_202503201400_D08_fixed_clip226_start688_426_866_689.mp4,Standing
SAULAIE_202503201400_D08_fixed_clip228_start688_441_875_708.mp4,Standing
SAULAIE_202503201400_D08_fixed_clip61_start1575_162_1657_290.mp4,Standing
SAULAIE_202503211000_D01_fixed_clip67_start1981_289_2211_520.mp4,Standing
SAULAIE_202503211100_D02_fixed_clip144_start0_396_86_584.mp4,Lying
SAULAIE_202503211100_D02_fixed_clip84_start1627_618_2060_865.mp4,Lying
SAULAIE_202503211100_D02_fixed_clip84_start351_151_461_239.mp4,Lying
SAULAIE_202503211500_D02_fixed_clip0_start598_8_711_82.mp4,Lying
SAULAIE_202503211500_D02_fixed_clip238_start1640_610_2190_883.mp4,Lying
SAULAIE_202503211500_D02_fixed_clip308_start118_228_326_405.mp4,Lying
SAULAIE_202503211500_D02_fixed_clip64_start131_167_266_252.mp4,Standing
SAULAIE_202503220900_D03_fixed_clip131_start219_307_454_514.mp4,Walking
SAULAIE_202503220900_D03_fixed_clip143_start1886_823_2132_1409.mp4,Feeding
SAULAIE_202503220900_D03_fixed_clip143_start880_440_1101_745.mp4,Lying
SAULAIE_202503220900_D03_fixed_clip185_start1569_151_1671_297.mp4,Standing
SAULAIE_202503220900_D03_fixed_clip249_start1262_324_1390_422.mp4,Lying
SAULAIE_202503220900_D03_fixed_clip33_start1404_833_1677_1439.mp4,Feeding
SAULAIE_202503221100_D04_fixed_clip147_start1895_421_1987_490.mp4,Lying
SAULAIE_202503221100_D04_fixed_clip222_start1000_257_1101_344.mp4,Standing
SAULAIE_202503221100_D04_fixed_clip84_start509_270_635_344.mp4,Lying
SAULAIE_202503221400_D04_fixed_clip251_start1560_698_2036_1034.mp4,Standing
SAULAIE_202503221400_D04_fixed_clip85_start2443_970_2534_1229.mp4,Feeding
SAULAIE_202503221400_D04_fixed_clip85_start431_281_541_367.mp4,Lying
SAULAIE_202503221500_D02_fixed_clip315_start267_440_636_818.mp4,Lying
SAULAIE_202503230900_D02_fixed_clip121_start0_357_178_534.mp4,Lying
SAULAIE_202503230900_D02_fixed_clip121_start227_195_399_329.mp4,Lying
SAULAIE_202503230900_D02_fixed_clip237_start1003_0_1213_60.mp4,Lying
SAULAIE_202503230900_D03_fixed_clip197_start1661_251_1900_334.mp4,Standing
SAULAIE_202503230900_D03_fixed_clip354_start1417_175_1623_309.mp4,Standing
SAULAIE_202503230900_D03_fixed_clip354_start772_237_877_438.mp4,Standing
SAULAIE_202503230900_D03_fixed_clip99_start520_425_706_855.mp4,Standing
SAULAIE_202503231100_D02_fixed_clip148_start0_1082_98_1355.mp4,Lying
SAULAIE_202503231100_D02_fixed_clip232_start172_87_299_214.mp4,Feeding
SAULAIE_202503231100_D04_fixed_clip324_start471_531_690_751.mp4,Lying
SAULAIE_202503231100_D04_fixed_clip383_start276_790_593_1309.mp4,Feeding
SAULAIE_202503240900_D01_fixed_clip63_start1234_197_1331_348.mp4,Feeding
SAULAIE_202503240900_D03_fixed_clip109_start2050_480_2297_700.mp4,Lying
SAULAIE_202503240900_D03_fixed_clip111_start1641_208_1739_414.mp4,Standing
SAULAIE_202503240900_D03_fixed_clip149_start1528_225_1626_421.mp4,Standing
SAULAIE_202503240900_D03_fixed_clip149_start1972_574_2319_804.mp4,Standing
SAULAIE_202503240900_D03_fixed_clip308_start1236_313_1365_414.mp4,Lying
SAULAIE_202503240900_D03_fixed_clip71_start116_891_347_1439.mp4,Feeding
SAULAIE_202503240900_D03_fixed_clip95_start345_880_584_1439.mp4,Feeding
SAULAIE_202503240900_D04_fixed_clip123_start653_835_1072_1439.mp4,Feeding
SAULAIE_202503241000_D04_fixed_clip119_start19_576_137_824.mp4,Lying
SAULAIE_202503241000_D04_fixed_clip16_start2028_556_2119_718.mp4,Lying
SAULAIE_202503241000_D04_fixed_clip335_start2312_579_2451_724.mp4,Lying
SAULAIE_202503241000_D04_fixed_clip342_start1990_535_2152_783.mp4,Lying
SAULAIE_202503251000_D04_fixed_clip108_start0_597_137_824.mp4,Lying
SAULAIE_202503251000_D04_fixed_clip134_start455_511_692_745.mp4,Lying
SAULAIE_202503251000_D04_fixed_clip232_start1966_350_2071_423.mp4,Standing
SAULAIE_202503251000_D04_fixed_clip240_start177_528_403_753.mp4,Lying
SAULAIE_202503251000_D04_fixed_clip253_start1812_430_1927_720.mp4,Standing
SAULAIE_202503251000_D04_fixed_clip268_start2320_464_2469_535.mp4,Lying
SAULAIE_202503251000_D04_fixed_clip268_start2375_372_2445_458.mp4,Standing
SAULAIE_202503251000_D04_fixed_clip53_start1894_549_2036_713.mp4,Lying
SAULAIE_202503251000_D04_fixed_clip53_start319_834_728_1388.mp4,Feeding
SAULAIE_202503251100_D08_fixed_clip130_start1573_461_1810_723.mp4,Lying
SAULAIE_202503251100_D08_fixed_clip190_start873_806_1181_1439.mp4,Feeding
SAULAIE_202503251100_D08_fixed_clip350_start1019_471_1303_743.mp4,Lying
SAULAIE_202503251400_D03_fixed_clip121_start1941_494_2157_719.mp4,Lying
SAULAIE_202503251400_D03_fixed_clip209_start0_380_96_469.mp4,Lying
SAULAIE_202503251400_D03_fixed_clip209_start1492_836_1840_1439.mp4,Feeding
SAULAIE_202503251400_D03_fixed_clip307_start1086_207_1239_401.mp4,Standing
SAULAIE_202503251400_D03_fixed_clip307_start1738_832_2256_1420.mp4,Feeding
SAULAIE_202503251400_D03_fixed_clip359_start1806_511_2051_720.mp4,Lying
SAULAIE_202503260900_D01_fixed_clip12_start1101_383_1341_546.mp4,Lying
SAULAIE_202503260900_D01_fixed_clip272_start1225_525_1622_999.mp4,Lying
SAULAIE_202503260900_D01_fixed_clip272_start1298_389_1479_535.mp4,Lying
SAULAIE_202503260900_D01_fixed_clip272_start1560_544_1928_1000.mp4,Lying
SAULAIE_202503260900_D01_fixed_clip37_start2518_355_2559_479.mp4,Feeding
SAULAIE_202503260900_D03_fixed_clip105_start462_434_843_723.mp4,Standing
SAULAIE_202503260900_D08_fixed_clip17_start310_776_661_999.mp4,Walking
SAULAIE_202503260900_D08_fixed_clip29_start97_463_178_556.mp4,Standing
SAULAIE_202503261000_D04_fixed_clip126_start505_285_603_370.mp4,Lying
SAULAIE_202503271100_D02_fixed_clip239_start366_310_702_549.mp4,Lying
SAULAIE_202503271100_D02_fixed_clip78_start924_35_1135_91.mp4,Lying
BUISSON_202410161200_D04_clip54_start187_523_656_818.mp4,Feeding
BUISSON_202410161200_D04_clip72_start1519_416_1704_640.mp4,Standing
BUISSON_202410161200_D04_clip85_start520_548_901_965.mp4,Feeding
BUISSON_202410170900_D01_fixed_clip14_start1524_1066_2160_1439.mp4,Lying
BUISSON_202410170900_D05_clip122_start1298_191_1446_331.mp4,Standing
BUISSON_202410171000_D04_clip119_start2291_1054_2436_1383.mp4,Feeding
BUISSON_202410171000_D04_clip209_start710_411_1066_546.mp4,Standing
BUISSON_202410171000_D04_clip209_start758_527_977_729.mp4,Feeding
BUISSON_202410171000_D04_clip323_start747_366_996_449.mp4,Lying
BUISSON_202410171200_D03_clip167_start1966_496_2106_590.mp4,Lying
BUISSON_202410171200_D03_clip98_start987_535_1217_719.mp4,Lying
BUISSON_202410171400_D01_fixed_clip336_start0_1007_450_1439.mp4,Lying
BUISSON_202410171500_D05_clip2_start2058_673_2536_945.mp4,Standing
BUISSON_202410180900_D01_fixed_clip163_start2164_207_2349_413.mp4,Standing
BUISSON_202410180900_D01_fixed_clip247_start1013_126_1101_205.mp4,Feeding
BUISSON_202410180900_D02_fixed_clip309_start1533_1146_1923_1439.mp4,Lying
BUISSON_202410180900_D04_clip232_start1714_474_1899_623.mp4,Lying
BUISSON_202410180900_D04_clip274_start1862_404_1997_489.mp4,Lying
BUISSON_202410180900_D04_clip274_start230_266_382_373.mp4,Standing
BUISSON_202410180900_D04_clip274_start622_270_782_315.mp4,Standing
BUISSON_202410180900_D04_clip30_start2257_545_2382_744.mp4,Drinking
BUISSON_202410180900_D04_clip322_start1643_345_1733_408.mp4,Lying
BUISSON_202410180900_D04_clip329_start951_431_1208_604.mp4,Lying
BUISSON_202410181300_D05_clip32_start1351_233_1482_348.mp4,Walking
BUISSON_202410181300_D05_clip32_start684_521_937_1079.mp4,Feeding
BUISSON_202410181300_D05_clip8_start1954_551_2193_1183.mp4,Feeding
BUISSON_202410181400_D05_clip317_start2001_267_2238_477.mp4,Drinking
BUISSON_202410181500_D01_fixed_clip303_start0_272_150_355.mp4,Feeding
BUISSON_202410181500_D01_fixed_clip303_start1714_156_1839_345.mp4,Standing
BUISSON_202410181500_D01_fixed_clip303_start737_147_826_260.mp4,Feeding
BUISSON_202410181500_D01_fixed_clip308_start1622_375_2009_843.mp4,Standing
BUISSON_202410190900_D01_fixed_clip309_start899_346_1279_699.mp4,Lying
BUISSON_202410190900_D02_fixed_clip67_start1486_176_1581_299.mp4,Feeding
BUISSON_202410190900_D06_clip155_start116_516_238_753.mp4,Feeding
BUISSON_202410191000_D03_clip170_start105_535_283_765.mp4,Standing
BUISSON_202410191000_D03_clip339_start215_701_590_892.mp4,Standing
BUISSON_202410191000_D05_clip292_start1324_352_1499_559.mp4,Lying
BUISSON_202410191000_D06_clip62_start970_401_1076_549.mp4,Standing
BUISSON_202410191100_D04_clip218_start1225_399_1455_512.mp4,Lying
BUISSON_202410191100_D06_clip227_start1587_190_1732_269.mp4,Feeding
BUISSON_202410191100_D06_clip260_start757_318_910_545.mp4,Feeding
BUISSON_202410191100_D06_clip322_start1172_250_1297_446.mp4,Self-grooming
BUISSON_202410191100_D06_clip322_start2400_343_2488_413.mp4,Lying
BUISSON_202410200900_D01_fixed_clip163_start283_204_352_293.mp4,Feeding
BUISSON_202410200900_D01_fixed_clip244_start399_196_487_269.mp4,Feeding
BUISSON_202410200900_D02_fixed_clip124_start262_434_523_608.mp4,Lying
BUISSON_202410200900_D02_fixed_clip135_start2381_240_2559_341.mp4,Standing
BUISSON_202410200900_D03_clip314_start28_500_195_613.mp4,Standing
BUISSON_202410201000_D03_clip199_start1053_700_1337_1210.mp4,Feeding
BUISSON_202410201000_D03_clip250_start1201_544_1372_725.mp4,Lying
BUISSON_202410201000_D03_clip250_start40_686_163_1012.mp4,Feeding
BUISSON_202410201000_D04_clip293_start997_577_1430_959.mp4,Standing
BUISSON_202410201400_D04_clip74_start1680_541_1873_789.mp4,Lying
BUISSON_202410210900_D02_fixed_clip251_start1777_213_1894_457.mp4,Standing
BUISSON_202410210900_D02_fixed_clip251_start1912_171_1987_274.mp4,Feeding
BUISSON_202410210900_D02_fixed_clip324_start1398_185_1491_347.mp4,Feeding
BUISSON_202410211000_D02_fixed_clip104_start1680_170_1769_349.mp4,Feeding
BUISSON_202410211000_D02_fixed_clip106_start1084_203_1172_355.mp4,Feeding
BUISSON_202410211100_D01_fixed_clip279_start107_253_177_329.mp4,Feeding
BUISSON_202410211100_D01_fixed_clip319_start0_1010_347_1439.mp4,Lying
BUISSON_202410211100_D01_fixed_clip319_start1183_145_1334_372.mp4,Other
BUISSON_202410211100_D02_fixed_clip135_start816_221_1016_333.mp4,Standing
BUISSON_202410211100_D02_fixed_clip59_start2067_189_2222_315.mp4,Feeding
BUISSON_202410211100_D03_clip313_start1862_370_2026_475.mp4,Lying
BUISSON_202410211100_D04_clip102_start1247_541_1532_959.mp4,Walking
BUISSON_202410211300_D01_fixed_clip122_start146_277_452_669.mp4,Standing
BUISSON_202410211300_D01_fixed_clip122_start1930_167_2095_240.mp4,Standing
BUISSON_202410211300_D01_fixed_clip250_start1314_120_1447_198.mp4,Feeding
BUISSON_202410211300_D01_fixed_clip250_start2084_412_2388_714.mp4,Lying
BUISSON_202410211300_D01_fixed_clip250_start40_326_329_663.mp4,Standing
BUISSON_202410211300_D01_fixed_clip340_start0_981_477_1435.mp4,Lying
BUISSON_202410211300_D01_fixed_clip340_start2410_925_2559_1196.mp4,Lying
BUISSON_202410211400_D06_clip301_start0_566_101_819.mp4,Feeding
BUISSON_202410211600_D03_clip203_start1604_761_1837_1243.mp4,Feeding
BUISSON_202410211600_D03_clip203_start864_546_1076_693.mp4,Lying
BUISSON_202410211600_D03_clip230_start2268_555_2534_733.mp4,Lying
BUISSON_202410220900_D03_clip225_start2384_731_2559_1055.mp4,Feeding
BUISSON_202410221000_D06_clip15_start1119_435_1349_704.mp4,Lying
BUISSON_202410221000_D06_clip228_start86_535_202_801.mp4,Feeding
BUISSON_202410221000_D06_clip252_start822_310_977_402.mp4,Feeding
BUISSON_202410221100_D02_fixed_clip92_start1268_375_1652_803.mp4,Standing
BUISSON_202410221300_D01_fixed_clip209_start1744_161_2017_255.mp4,Standing
BUISSON_202410221300_D01_fixed_clip217_start1840_310_2045_401.mp4,Lying
BUISSON_202410221300_D01_fixed_clip217_start933_225_1137_752.mp4,Standing
BUISSON_202410221300_D01_fixed_clip329_start259_339_537_454.mp4,Lying
BUISSON_202410231000_D01_fixed_clip106_start1292_116_1393_275.mp4,Feeding
BUISSON_202410231000_D01_fixed_clip106_start1681_331_1974_611.mp4,Lying
BUISSON_202410231000_D01_fixed_clip196_start465_152_681_239.mp4,Standing
BUISSON_202410231000_D01_fixed_clip207_start160_408_466_673.mp4,Lying
BUISSON_202410231000_D01_fixed_clip247_start1453_1056_2326_1439.mp4,Lying
BUISSON_202410231000_D01_fixed_clip313_start2080_382_2283_585.mp4,Lying
BUISSON_202410231000_D02_fixed_clip111_start1387_185_1563_345.mp4,Self-grooming
BUISSON_202410231100_D01_fixed_clip102_start1237_282_1353_392.mp4,Lying
BUISSON_202410231100_D01_fixed_clip282_start685_367_880_613.mp4,Self-grooming
BUISSON_202410231100_D01_fixed_clip329_start2265_212_2388_281.mp4,Feeding
BUISSON_202410231100_D04_clip498_start1546_449_1710_559.mp4,Lying
BUISSON_202410231100_D06_clip145_start1120_249_1195_453.mp4,Feeding
BUISSON_202410231100_D06_clip289_start828_306_976_533.mp4,Feeding
BUISSON_202410231100_D06_clip34_start2114_165_2149_247.mp4,Feeding
BUISSON_202410231300_D03_clip15_start1867_368_2026_475.mp4,Lying
BUISSON_202410231500_D06_clip347_start2199_296_2400_471.mp4,Standing
BUISSON_202410231500_D06_clip38_start2019_570_2347_868.mp4,Walking
BUISSON_202410231500_D06_clip90_start1291_249_1349_341.mp4,Feeding
BUISSON_202410231500_D06_clip94_start1568_425_2057_744.mp4,Standing
BUISSON_202410231600_D05_clip532_start646_521_992_889.mp4,Feeding
BUISSON_202410241000_D05_clip213_start1917_556_2155_1144.mp4,Feeding
BUISSON_202410241100_D01_fixed_clip147_start783_296_1018_405.mp4,Lying
BUISSON_202410241100_D01_fixed_clip308_start461_171_557_289.mp4,Feeding
BUISSON_202410241100_D01_fixed_clip308_start807_115_969_253.mp4,Feeding
BUISSON_202410250900_D03_clip265_start668_356_765_459.mp4,Standing
BUISSON_202410251000_D02_fixed_clip256_start1947_187_2035_359.mp4,Feeding
BUISSON_202410251100_D05_clip273_start1129_396_1277_588.mp4,Lying
BUISSON_202410251100_D05_clip342_start568_285_750_394.mp4,Walking
BUISSON_202410251500_D04_clip17_start2383_970_2501_1252.mp4,Feeding
BUISSON_202410251500_D04_clip247_start749_554_1147_1023.mp4,Feeding
BUISSON_202410251500_D04_clip68_start597_525_765_804.mp4,Feeding
BUISSON_202410251600_D02_fixed_clip21_start569_273_669_353.mp4,Standing
BUISSON_202410251600_D02_fixed_clip409_start2129_174_2243_293.mp4,Feeding
BUISSON_202410251600_D05_clip103_start1929_254_2184_465.mp4,Drinking
BUISSON_202410251600_D05_clip196_start198_533_701_770.mp4,Feeding
BUISSON_202410260900_D01_fixed_clip61_start888_120_974_308.mp4,Feeding
BUISSON_202410260900_D05_clip255_start2347_314_2424_419.mp4,Standing
BUISSON_202410260900_D05_clip8_start2276_585_2514_1092.mp4,Feeding
BUISSON_202410261000_D03_clip207_start364_486_526_694.mp4,Standing
BUISSON_202410261000_D03_clip252_start578_669_860_963.mp4,Feeding
BUISSON_202410261000_D03_clip97_start200_695_408_1105.mp4,Feeding
BUISSON_202410261000_D03_clip97_start404_606_522_704.mp4,Lying
BUISSON_202410261100_D03_clip145_start2108_516_2266_731.mp4,Lying
BUISSON_202410261100_D03_clip38_start783_666_1092_1049.mp4,Standing
BUISSON_202410261100_D05_clip1_start2031_560_2306_923.mp4,Walking
BUISSON_202410261100_D05_clip22_start828_540_987_1094.mp4,Feeding
BUISSON_202410261200_D01_fixed_clip318_start580_370_904_765.mp4,Lying
BUISSON_202410261300_D04_clip315_start1238_500_1680_760.mp4,Walking
BUISSON_202410261300_D04_clip33_start1068_295_1242_348.mp4,Lying
BUISSON_202410261300_D04_clip348_start1192_414_1651_645.mp4,Standing
BUISSON_202410271000_D03_clip114_start1332_695_1519_1216.mp4,Feeding
BUISSON_202410271000_D03_clip197_start505_688_800_1049.mp4,Feeding
BUISSON_202410271200_D03_clip150_start1267_685_1488_1266.mp4,Feeding
BUISSON_202410271200_D03_clip273_start686_659_996_944.mp4,Self-grooming
BUISSON_202410271200_D03_clip321_start1092_696_1472_1168.mp4,Feeding
BUISSON_202410271200_D05_clip54_start1131_394_1313_579.mp4,Lying
BUISSON_202410271500_D03_clip190_start1013_524_1207_783.mp4,Lying
BUISSON_202410271500_D03_clip190_start194_860_372_999.mp4,Feeding
BUISSON_202410271500_D03_clip204_start589_590_778_694.mp4,Lying
BUISSON_202410271500_D03_clip316_start1300_347_1405_459.mp4,Lying
BUISSON_202410271600_D01_fixed_clip109_start904_128_1031_205.mp4,Feeding
BUISSON_202410271600_D01_fixed_clip336_start44_405_282_673.mp4,Lying
BUISSON_202410271600_D01_fixed_clip358_start0_287_39_363.mp4,Feeding
BUISSON_202410271600_D01_fixed_clip358_start93_257_141_333.mp4,Feeding
BUISSON_202410280900_D06_clip103_start147_522_472_883.mp4,Walking
BUISSON_202410280900_D06_clip109_start19_547_146_813.mp4,Feeding
BUISSON_202410280900_D06_clip139_start437_449_627_661.mp4,Walking
BUISSON_202410280900_D06_clip220_start1951_436_2178_683.mp4,Lying
BUISSON_202410281000_D04_clip134_start1316_508_1523_654.mp4,Lying
BUISSON_202410281000_D04_clip57_start1636_365_1778_451.mp4,Lying
BUISSON_202410281100_D02_fixed_clip104_start242_874_673_1218.mp4,Lying
BUISSON_202410281100_D02_fixed_clip32_start1672_176_1852_348.mp4,Standing
BUISSON_202410281100_D02_fixed_clip81_start824_403_1170_671.mp4,Lying
BUISSON_202410281100_D06_clip223_start1743_174_1849_293.mp4,Feeding
BUISSON_202410281100_D06_clip223_start1751_475_1971_763.mp4,Lying
BUISSON_202410281400_D03_clip293_start894_726_1177_1260.mp4,Feeding
BUISSON_202410281600_D02_fixed_clip230_start719_252_808_340.mp4,Feeding
BUISSON_202410281600_D02_fixed_clip245_start871_610_1243_1130.mp4,Standing
BUISSON_202410281600_D03_clip144_start1958_462_2089_747.mp4,Standing
BUISSON_202410290900_D03_clip156_start1284_706_1482_1316.mp4,Feeding
BUISSON_202410291000_D01_fixed_clip10_start257_210_344_298.mp4,Feeding
COPTIERE_202502050900_D02_clip224_start2061_29_2159_171.mp4,Feeding
COPTIERE_202502051000_D01_clip219_start1255_225_1342_333.mp4,Feeding
COPTIERE_202502051000_D01_clip219_start864_226_951_373.mp4,Feeding
COPTIERE_202502051000_D01_clip273_start215_290_299_440.mp4,Feeding
COPTIERE_202502051000_D01_clip306_start1178_501_1719_1135.mp4,Drinking
COPTIERE_202502051100_D03_clip286_start1858_625_2097_768.mp4,Lying
COPTIERE_202502051100_D03_clip289_start1693_675_1906_833.mp4,Lying
COPTIERE_202502051100_D04_clip463_start452_49_692_190.mp4,Standing
COPTIERE_202502051200_D03_clip140_start1187_730_1494_974.mp4,Lying
COPTIERE_202502051200_D03_clip216_start1089_788_1346_1074.mp4,Lying
COPTIERE_202502051200_D03_clip216_start1359_721_1683_929.mp4,Lying
COPTIERE_202502051200_D03_clip265_start1467_529_1571_608.mp4,Self-grooming
COPTIERE_202502051200_D03_clip277_start1987_605_2230_725.mp4,Lying
COPTIERE_202502051200_D03_clip321_start1626_663_1911_827.mp4,Lying
COPTIERE_202502051200_D03_clip346_start1723_506_1843_573.mp4,Lying
COPTIERE_202502051300_D02_clip107_start1806_151_2026_251.mp4,Lying
COPTIERE_202502051400_D02_clip349_start114_1185_826_1439.mp4,Lying
COPTIERE_202502051400_D02_clip349_start2383_26_2559_179.mp4,Standing
COPTIERE_202502051500_D01_clip247_start2022_587_2559_1388.mp4,Standing
COPTIERE_202502051500_D01_clip72_start446_503_916_1039.mp4,Lying
COPTIERE_202502051500_D05_clip259_start1803_631_1972_768.mp4,Lying
COPTIERE_202502051600_D06_clip39_start498_649_568_755.mp4,Lying
COPTIERE_202502060900_D02_clip193_start2097_30_2178_170.mp4,Feeding
COPTIERE_202502060900_D02_clip293_start1293_130_1367_223.mp4,Feeding
COPTIERE_202502061100_D02_clip52_start498_359_726_620.mp4,Standing
COPTIERE_202502061200_D02_clip127_start133_523_247_612.mp4,Standing
COPTIERE_202502061200_D02_clip192_start444_369_578_485.mp4,Standing
COPTIERE_202502061200_D02_clip259_start2193_81_2541_239.mp4,Scratching
COPTIERE_202502061200_D02_clip259_start67_727_359_879.mp4,Lying
COPTIERE_202502061200_D02_clip287_start109_551_256_632.mp4,Standing
COPTIERE_202502061200_D02_clip5_start766_262_1035_589.mp4,Standing
COPTIERE_202502061200_D02_clip89_start1528_81_1650_144.mp4,Feeding
COPTIERE_202502061400_D02_clip193_start2170_21_2240_168.mp4,Feeding
COPTIERE_202502061400_D02_clip235_start1515_175_1768_673.mp4,Standing
COPTIERE_202502061400_D02_clip235_start587_405_763_590.mp4,Lying
COPTIERE_202502061500_D01_clip12_start1593_226_1829_469.mp4,Walking
COPTIERE_202502061500_D01_clip490_start1208_218_1279_315.mp4,Feeding
COPTIERE_202502061500_D01_clip54_start2191_372_2524_664.mp4,Standing
COPTIERE_202502071200_D02_clip133_start2347_28_2412_170.mp4,Feeding
COPTIERE_202502071200_D02_clip239_start1637_71_1710_164.mp4,Feeding
COPTIERE_202502071200_D05_clip265_start2330_706_2559_879.mp4,Standing
COPTIERE_202502071300_D03_clip13_start0_673_230_808.mp4,Walking
COPTIERE_202502071300_D03_clip172_start893_629_986_702.mp4,Lying
COPTIERE_202502071300_D03_clip192_start1236_761_1420_949.mp4,Lying
COPTIERE_202502071300_D03_clip223_start1309_705_1621_913.mp4,Lying
COPTIERE_202502071300_D03_clip236_start2080_526_2268_675.mp4,Standing
COPTIERE_202502071300_D03_clip52_start1732_635_1962_785.mp4,Lying
COPTIERE_202502071300_D05_clip146_start0_600_71_678.mp4,Lying
COPTIERE_202502071300_D05_clip162_start67_275_186_539.mp4,Feeding
COPTIERE_202502071300_D05_clip254_start77_566_198_700.mp4,Lying
COPTIERE_202502071300_D05_clip49_start98_566_230_697.mp4,Lying
COPTIERE_202502071300_D05_clip53_start2123_512_2381_755.mp4,Walking
COPTIERE_202502071300_D05_clip93_start98_566_227_698.mp4,Lying
COPTIERE_202502071400_D04_clip180_start18_332_346_690.mp4,Lying
COPTIERE_202502071400_D04_clip317_start756_265_1136_675.mp4,Lying
COPTIERE_202502071400_D04_clip64_start160_125_263_269.mp4,Standing
COPTIERE_202502071500_D01_clip194_start552_260_626_400.mp4,Feeding
COPTIERE_202502071500_D01_clip387_start551_353_780_466.mp4,Lying
COPTIERE_202502071600_D03_clip223_start690_514_802_644.mp4,Feeding
COPTIERE_202502071600_D03_clip255_start1103_456_1226_563.mp4,Feeding
COPTIERE_202502071600_D04_clip277_start1377_270_1811_754.mp4,Lying
COPTIERE_202502071600_D04_clip410_start745_836_2165_1439.mp4,Standing
COPTIERE_202502081000_D03_clip202_start0_665_71_773.mp4,Feeding
COPTIERE_202502081000_D03_clip232_start1394_428_1473_510.mp4,Feeding
COPTIERE_202502081000_D03_clip232_start2026_570_2150_653.mp4,Lying
COPTIERE_202502081000_D03_clip232_start436_552_519_634.mp4,Feeding
COPTIERE_202502081200_D02_clip178_start89_865_507_1059.mp4,Lying
COPTIERE_202502081200_D04_clip110_start2337_315_2527_683.mp4,Standing
COPTIERE_202502081200_D04_clip281_start2409_160_2504_249.mp4,Standing
COPTIERE_202502081400_D05_clip268_start505_712_627_785.mp4,Lying
COPTIERE_202502081400_D05_clip283_start2079_370_2475_686.mp4,Feeding
COPTIERE_202502081400_D05_clip93_start1959_681_2291_852.mp4,Standing
COPTIERE_202502081600_D02_clip28_start116_811_489_1051.mp4,Lying
COPTIERE_202502091000_D03_clip149_start1771_609_1999_756.mp4,Lying
COPTIERE_202502091000_D04_clip349_start1901_405_2362_800.mp4,Lying
COPTIERE_202502091200_D05_clip250_start1441_364_1607_670.mp4,Feeding
COPTIERE_202502091200_D05_clip333_start538_567_711_699.mp4,Lying
COPTIERE_202502091500_D02_clip302_start404_391_530_539.mp4,Standing
COPTIERE_202502091500_D02_clip305_start1803_273_2186_751.mp4,Lying
COPTIERE_202502091500_D02_clip6_start471_363_747_610.mp4,Standing
COPTIERE_202502091500_D02_clip80_start2221_132_2460_733.mp4,Standing
COPTIERE_202502101200_D01_clip229_start2453_476_2559_579.mp4,Lying
COPTIERE_202502101200_D03_clip221_start1413_675_1689_845.mp4,Lying
COPTIERE_202502101200_D04_clip133_start177_180_596_664.mp4,Standing
COPTIERE_202502101300_D02_clip199_start1564_112_1734_203.mp4,Feeding
COPTIERE_202502101300_D02_clip272_start1406_206_1959_703.mp4,Standing
COPTIERE_202502101300_D02_clip272_start2292_172_2531_288.mp4,Lying
COPTIERE_202502101300_D02_clip330_start442_455_614_574.mp4,Lying
COPTIERE_202502101400_D04_clip54_start1990_366_2222_757.mp4,Lying
COPTIERE_202502101400_D04_clip5_start1960_89_2087_230.mp4,Standing
COPTIERE_202502101500_D01_clip226_start426_260_568_413.mp4,Standing
COPTIERE_202502101500_D01_clip226_start68_312_196_470.mp4,Standing
COPTIERE_202502101500_D01_clip25_start1766_250_1906_348.mp4,Standing
COPTIERE_202502101500_D01_clip69_start1151_226_1226_289.mp4,Feeding
COPTIERE_202502101500_D01_clip69_start428_259_584_414.mp4,Standing
COPTIERE_202502101600_D02_clip112_start2126_61_2211_195.mp4,Feeding
COPTIERE_202502101600_D02_clip33_start1230_219_1635_685.mp4,Standing
COPTIERE_202502101600_D06_clip25_start1813_825_1995_958.mp4,Walking
COPTIERE_202502110900_D02_clip119_start1751_94_1842_153.mp4,Feeding
COPTIERE_202502111100_D03_clip234_start1240_730_1536_907.mp4,Lying
COPTIERE_202502111400_D04_clip204_start1489_94_1675_210.mp4,Lying
COPTIERE_202502111400_D04_clip204_start39_342_421_555.mp4,Lying
COPTIERE_202502111400_D04_clip310_start695_15_931_178.mp4,Standing
COPTIERE_202502111400_D04_clip344_start1966_89_2079_243.mp4,Standing
COPTIERE_202502111400_D04_clip346_start1465_225_2193_844.mp4,Scratching
COPTIERE_202502111500_D01_clip73_start1350_212_1577_373.mp4,Standing
COPTIERE_202502111500_D04_clip175_start1969_86_2067_229.mp4,Standing
COPTIERE_202502111500_D04_clip56_start756_301_1206_708.mp4,Lying
COPTIERE_202502111500_D06_clip122_start970_631_1174_858.mp4,Standing
COPTIERE_202502111500_D06_clip40_start239_640_403_778.mp4,Other
COPTIERE_202502111600_D06_clip259_start516_416_976_681.mp4,Standing
COPTIERE_202502120900_D03_clip111_start1810_462_1902_513.mp4,Lying
COPTIERE_202502120900_D03_clip172_start82_719_255_855.mp4,Lying
COPTIERE_202502120900_D03_clip172_start997_461_1080_559.mp4,Feeding
COPTIERE_202502120900_D03_clip317_start1699_460_1802_510.mp4,Lying
COPTIERE_202502120900_D04_clip100_start1172_121_1322_190.mp4,Lying
COPTIERE_202502121000_D05_clip435_start1646_609_2043_783.mp4,Standing
COPTIERE_202502121400_D01_clip168_start40_340_125_425.mp4,Feeding
COPTIERE_202502121400_D02_clip539_start1483_126_1554_178.mp4,Feeding
COPTIERE_202502121400_D02_clip539_start604_408_837_579.mp4,Lying
COPTIERE_202502121400_D03_clip150_start1550_621_1856_793.mp4,Lying
COPTIERE_202502121400_D03_clip150_start354_566_435_689.mp4,Feeding
COPTIERE_202502121400_D03_clip269_start1121_840_1448_1148.mp4,Self-grooming
COPTIERE_202502121400_D03_clip269_start1672_581_1870_741.mp4,Lying
COPTIERE_202502121500_D02_clip177_start2365_170_2532_286.mp4,Lying
COPTIERE_202502121500_D02_clip177_start279_535_346_654.mp4,Walking
COPTIERE_202502121600_D05_clip179_start523_589_688_764.mp4,Standing
COPTIERE_202502121600_D05_clip97_start1783_832_1863_908.mp4,Standing
COPTIERE_202502131300_D03_clip148_start1737_531_1991_698.mp4,Standing
COPTIERE_202502131300_D03_clip324_start1832_610_1989_727.mp4,Self-grooming
COPTIERE_202502131300_D03_clip324_start998_560_1191_659.mp4,Lying
COPTIERE_202502131400_D04_clip143_start0_361_202_586.mp4,Lying
COPTIERE_202502131400_D04_clip305_start791_166_1067_663.mp4,Standing
COPTIERE_202502131500_D01_clip13_start1670_241_1768_356.mp4,Feeding
COPTIERE_202502131500_D01_clip308_start1187_201_1778_425.mp4,Standing
COPTIERE_202502131500_D01_clip354_start1680_244_1863_488.mp4,Standing
COPTIERE_202502131500_D01_clip56_start1912_264_2139_378.mp4,Standing
COPTIERE_202502131500_D02_clip443_start650_425_821_554.mp4,Lying
COPTIERE_202502131500_D02_clip454_start2071_329_2540_815.mp4,Lying
COPTIERE_202502131500_D02_clip45_start136_556_276_647.mp4,Standing
COPTIERE_202502131500_D05_clip178_start1157_746_1350_893.mp4,Standing
COPTIERE_202502131600_D02_clip80_start1148_190_1279_288.mp4,Standing
COPTIERE_202502131600_D06_clip165_start943_615_1306_789.mp4,Walking
COPTIERE_202502141000_D01_clip210_start1290_231_1368_335.mp4,Feeding
COPTIERE_202502141000_D01_clip93_start76_322_151_470.mp4,Feeding
COPTIERE_202502141100_D03_clip366_start453_582_656_738.mp4,Walking
COPTIERE_202502141300_D02_clip102_start1244_323_1757_645.mp4,Lying
COPTIERE_202502141300_D02_clip277_start428_408_651_655.mp4,Standing
COPTIERE_202502141400_D06_clip214_start241_635_400_792.mp4,Lying
COPTIERE_202502141400_D06_clip255_start698_631_924_771.mp4,Lying
COPTIERE_202502141400_D06_clip98_start1137_641_1340_789.mp4,Lying
COPTIERE_202502141400_D06_clip98_start2274_900_2411_958.mp4,Standing
COPTIERE_202502151000_D02_clip209_start481_369_690_594.mp4,Standing
COPTIERE_202502151000_D02_clip48_start2223_272_2559_836.mp4,Lying
COPTIERE_202502151000_D02_clip48_start867_250_1027_325.mp4,Standing
COPTIERE_202502151000_D02_clip73_start1983_56_2101_188.mp4,Feeding
COPTIERE_202502151000_D02_clip73_start2324_174_2528_284.mp4,Lying
COPTIERE_202502151000_D04_clip111_start773_791_1271_1439.mp4,Standing
COPTIERE_202502151000_D04_clip203_start1529_4_1755_152.mp4,Scratching
COPTIERE_202502151000_D04_clip5_start1502_136_1873_251.mp4,Other
COPTIERE_202502151000_D06_clip270_start1658_640_1852_819.mp4,Lying
COPTIERE_202502151300_D04_clip480_start2044_322_2559_950.mp4,Standing
COPTIERE_202502151300_D04_clip539_start1708_61_1802_216.mp4,Standing
COPTIERE_202502151400_D03_clip339_start1172_704_1394_914.mp4,Lying
COPTIERE_202502151400_D03_clip339_start267_962_454_1263.mp4,Lying
COPTIERE_202502151400_D04_clip156_start764_284_1147_732.mp4,Lying
COPTIERE_202502151400_D04_clip93_start44_415_803_754.mp4,Standing
COPTIERE_202502171400_D04_clip85_start524_56_738_223.mp4,Standing
COPTIERE_202502171500_D01_clip239_start1680_250_1757_320.mp4,Standing
COPTIERE_202502171500_D01_clip95_start53_330_140_454.mp4,Feeding
COPTIERE_202502171500_D03_clip49_start90_750_249_875.mp4,Lying
COPTIERE_202502171500_D03_clip62_start1243_671_1544_870.mp4,Lying
CORDEMAIS_202403201000_D06_clip149_start60_601_300_799.mp4,Standing
CORDEMAIS_202403201000_D06_clip31_start408_541_589_654.mp4,Lying
CORDEMAIS_202403201000_D06_clip71_start1794_441_1870_495.mp4,Lying
CORDEMAIS_202403201300_D08_clip121_start2240_375_2390_529.mp4,Lying
CORDEMAIS_202403201300_D08_clip134_start607_446_811_592.mp4,Lying
CORDEMAIS_202403201300_D08_clip23_start2124_449_2254_563.mp4,Lying
CORDEMAIS_202403210900_D01_clip55_start333_669_1310_1434.mp4,Lying
CORDEMAIS_202403210900_D03_clip221_start455_126_569_249.mp4,Standing
CORDEMAIS_202403211000_D05_clip118_start1146_55_1217_148.mp4,Feeding
CORDEMAIS_202403211300_D05_clip11_start730_545_1510_984.mp4,Standing
CORDEMAIS_202403211300_D05_clip145_start942_475_1439_1054.mp4,Standing
CORDEMAIS_202403211300_D08_clip134_start646_451_763_585.mp4,Lying
CORDEMAIS_202403211500_D08_clip13_start1591_231_1687_349.mp4,Lying
CORDEMAIS_202403211500_D08_clip13_start842_521_1065_961.mp4,Feeding
CORDEMAIS_202403221400_D05_clip244_start1277_81_1393_175.mp4,Feeding
CORDEMAIS_202403230900_D08_clip231_start969_484_1428_849.mp4,Feeding
CORDEMAIS_202403231400_D01_clip134_start2271_0_2559_151.mp4,Lying
CORDEMAIS_202403231400_D01_clip220_start2043_324_2559_1322.mp4,Standing
CORDEMAIS_202403231400_D01_clip75_start581_0_883_84.mp4,Lying
CORDEMAIS_202403231400_D05_clip124_start2013_471_2217_612.mp4,Lying
CORDEMAIS_202403231400_D05_clip137_start1641_329_1865_484.mp4,Lying
CORDEMAIS_202403231400_D05_clip164_start58_396_331_549.mp4,Lying
CORDEMAIS_202403231400_D05_clip230_start2081_637_2435_974.mp4,Lying
CORDEMAIS_202403231500_D02_clip143_start58_627_683_1194.mp4,Standing
CORDEMAIS_202403231500_D02_clip18_start1218_158_1349_258.mp4,Standing
CORDEMAIS_202403241000_D02_clip159_start1074_215_1224_344.mp4,Lying
CORDEMAIS_202403241000_D02_clip162_start825_247_951_390.mp4,Lying
CORDEMAIS_202403241000_D02_clip40_start0_660_504_1203.mp4,Standing
CORDEMAIS_202403241200_D03_clip84_start1726_481_2128_729.mp4,Standing
CORDEMAIS_202403250900_D06_clip122_start817_667_1101_788.mp4,Lying
CORDEMAIS_202403251000_D08_clip300_start2194_505_2462_788.mp4,Standing
CORDEMAIS_202403251300_D01_clip119_start280_656_1323_1439.mp4,Lying
CORDEMAIS_202403251400_D03_clip111_start529_125_697_252.mp4,Feeding
CORDEMAIS_202403251400_D03_clip31_start221_172_336_209.mp4,Feeding
CORDEMAIS_202403251400_D08_clip137_start696_511_958_984.mp4,Feeding
CORDEMAIS_202403251400_D08_clip210_start34_482_186_663.mp4,Standing
CORDEMAIS_202403251400_D08_clip59_start1419_375_1485_449.mp4,Lying
CORDEMAIS_202403251600_D03_clip176_start748_175_900_304.mp4,Standing
CORDEMAIS_202403251600_D03_clip33_start204_609_639_798.mp4,Lying
CORDEMAIS_202403261200_D05_clip126_start1996_286_2294_549.mp4,Standing
CORDEMAIS_202403261200_D05_clip211_start376_160_531_339.mp4,Standing
CORDEMAIS_202403261200_D05_clip212_start29_192_251_379.mp4,Standing
CORDEMAIS_202403261200_D05_clip71_start1133_57_1212_140.mp4,Feeding
CORDEMAIS_202403261300_D08_clip193_start1600_356_1786_534.mp4,Lying
CORDEMAIS_202403261300_D08_clip38_start1947_359_2110_539.mp4,Lying
CORDEMAIS_202403261300_D08_clip44_start899_335_1019_510.mp4,Standing
CORDEMAIS_202403261600_D01_clip99_start1865_671_2454_1439.mp4,Lying
CORDEMAIS_202403270900_D03_clip230_start1412_171_1510_280.mp4,Feeding
CORDEMAIS_202403270900_D03_clip50_start189_416_667_688.mp4,Standing
CORDEMAIS_202403270900_D05_clip85_start2018_264_2184_376.mp4,Standing
CORDEMAIS_202403270900_D08_clip128_start2227_369_2390_540.mp4,Lying
CORDEMAIS_202403270900_D08_clip132_start2223_395_2401_544.mp4,Lying
CORDEMAIS_202403270900_D08_clip60_start869_365_1047_461.mp4,Lying
CORDEMAIS_202403270900_D08_clip6_start247_504_370_620.mp4,Lying
CORDEMAIS_202403271300_D02_clip169_start2416_385_2559_562.mp4,Standing
CORDEMAIS_202403271300_D06_clip27_start1512_472_1635_697.mp4,Standing
CORDEMAIS_202403271400_D08_clip112_start1782_337_1868_399.mp4,Lying
CORDEMAIS_202403271400_D08_clip131_start1071_310_1236_569.mp4,Standing
CORDEMAIS_202403271400_D08_clip152_start985_265_1110_369.mp4,Lying
CORDEMAIS_202403271400_D08_clip70_start249_448_510_613.mp4,Lying
CORDEMAIS_202403271400_D08_clip70_start488_494_658_624.mp4,Self-grooming
CORDEMAIS_202403280900_D08_clip193_start2248_314_2379_537.mp4,Standing
CORDEMAIS_202403281000_D03_clip72_start194_174_341_242.mp4,Standing
CORDEMAIS_202403281300_D02_clip187_start2338_546_2559_817.mp4,Walking
CORDEMAIS_202403281600_D06_clip15_start427_714_643_853.mp4,Lying
CORDEMAIS_202403290900_D01_clip92_start27_82_715_449.mp4,Walking
CORDEMAIS_202403291200_D05_clip209_start215_662_779_1028.mp4,Lying
CORDEMAIS_202403291200_D05_clip71_start1316_74_1386_107.mp4,Feeding
CORDEMAIS_202403291200_D05_clip8_start1867_425_2149_848.mp4,Standing
CORDEMAIS_202403291200_D06_clip103_start1352_508_1606_835.mp4,Drinking
CORDEMAIS_202403291200_D06_clip205_start135_611_274_690.mp4,Lying
CORDEMAIS_202403291200_D06_clip29_start2013_471_2145_549.mp4,Lying
CORDEMAIS_202403291200_D06_clip68_start156_825_534_1223.mp4,Lying
CORDEMAIS_202403291300_D08_clip45_start204_813_276_931.mp4,Feeding
CORDEMAIS_202403291300_D08_clip45_start627_303_719_379.mp4,Standing
CORDEMAIS_202403291400_D08_clip36_start1240_306_1411_552.mp4,Standing
CORDEMAIS_202403291500_D05_clip198_start212_614_800_935.mp4,Lying
CORDEMAIS_202403291500_D05_clip6_start994_679_2012_1267.mp4,Standing
CORDEMAIS_202403301000_D06_clip161_start264_721_456_863.mp4,Lying
CORDEMAIS_202403301000_D06_clip161_start337_811_756_1159.mp4,Lying
CORDEMAIS_202403301300_D03_clip114_start1293_136_1378_254.mp4,Feeding
CORDEMAIS_202403301300_D07_clip86_start2239_624_2504_914.mp4,Standing
CORDEMAIS_202403301400_D02_clip84_start1089_175_1334_364.mp4,Standing
CORDEMAIS_202403301600_D06_clip56_start935_744_1288_1265.mp4,Lying
CORDEMAIS_202403311000_D02_clip107_start2153_221_2294_313.mp4,Standing
CORDEMAIS_202403311100_D06_clip40_start168_796_423_1160.mp4,Lying
CORDEMAIS_202403311400_D03_clip166_start1040_92_1170_184.mp4,Feeding
CORDEMAIS_202403311400_D03_clip99_start276_441_541_587.mp4,Lying
CORDEMAIS_202403311400_D05_clip142_start2168_310_2266_451.mp4,Standing
CORDEMAIS_202403311400_D05_clip172_start1166_350_1447_576.mp4,Lying
CORDEMAIS_202403311400_D05_clip172_start890_192_1002_278.mp4,Lying
CORDEMAIS_202403311400_D05_clip23_start45_310_279_474.mp4,Lying
CORDEMAIS_202403311400_D05_clip92_start72_170_306_290.mp4,Standing
CORDEMAIS_202403311500_D01_clip203_start2404_43_2559_369.mp4,Standing
CORDEMAIS_202403311500_D03_clip37_start988_262_1200_498.mp4,Standing
CORDEMAIS_202403311500_D05_clip129_start1012_496_1679_1019.mp4,Standing
CORDEMAIS_202403311500_D05_clip142_start1452_102_1584_214.mp4,Standing
CORDEMAIS_202403311500_D05_clip56_start1545_131_1713_255.mp4,Feeding
CORDEMAIS_202404011000_D08_clip223_start1237_228_1350_312.mp4,Standing
CORDEMAIS_202404011000_D08_clip223_start2262_316_2424_544.mp4,Standing
CORDEMAIS_202404011100_D06_clip219_start1954_602_2377_1013.mp4,Walking
CORDEMAIS_202404011400_D05_clip36_start1954_239_2054_354.mp4,Feeding
CORDEMAIS_202404011400_D05_clip41_start280_139_537_284.mp4,Scratching
CORDEMAIS_202404021400_D03_clip167_start1200_195_1359_294.mp4,Standing
CORDEMAIS_202404021400_D03_clip169_start588_923_1262_1424.mp4,Lying
CORDEMAIS_202404021400_D03_clip18_start2286_482_2436_574.mp4,Scratching
CORDEMAIS_202404021400_D03_clip53_start1379_365_1539_458.mp4,Lying
CORDEMAIS_202404021400_D07_clip93_start2406_589_2531_847.mp4,Standing
CORDEMAIS_202404021400_D08_clip184_start2367_406_2506_527.mp4,Lying
CORDEMAIS_202404021500_D05_clip112_start1876_204_1981_345.mp4,Feeding
CORDEMAIS_202404021500_D05_clip122_start1473_283_1716_407.mp4,Lying
CORDEMAIS_202404021500_D05_clip122_start2046_269_2131_443.mp4,Feeding
CORDEMAIS_202404021500_D07_clip117_start1761_630_2245_929.mp4,Standing
CORDEMAIS_202404021500_D07_clip176_start2046_596_2257_898.mp4,Standing
CORDEMAIS_202404021500_D07_clip48_start1993_670_2315_1084.mp4,Walking
CORDEMAIS_202404030900_D03_clip179_start212_384_587_586.mp4,Standing
CORDEMAIS_202404030900_D03_clip18_start1540_202_1644_329.mp4,Feeding
CORDEMAIS_202404030900_D08_clip62_start434_521_510_598.mp4,Lying
CORDEMAIS_202404031100_D02_clip51_start923_212_1071_357.mp4,Lying
CORDEMAIS_202404031100_D03_clip169_start2056_370_2131_535.mp4,Feeding
CORDEMAIS_202404031100_D03_clip51_start2240_470_2377_632.mp4,Feeding
CORDEMAIS_202404031100_D05_clip127_start622_156_817_328.mp4,Lying
CORDEMAIS_202404031200_D02_clip115_start1462_650_2178_1290.mp4,Standing
CORDEMAIS_202404031400_D03_clip7_start191_501_720_874.mp4,Standing
CORDEMAIS_202404031400_D05_clip156_start766_249_928_380.mp4,Lying
CORDEMAIS_202404031500_D02_clip27_start1201_220_1342_353.mp4,Lying
CORDEMAIS_202404031500_D02_clip27_start903_520_1488_766.mp4,Standing
CORDEMAIS_202404031500_D02_clip355_start517_849_1586_1439.mp4,Standing
CORDEMAIS_202404041100_D02_clip150_start1089_204_1227_348.mp4,Lying
CORDEMAIS_202404051200_D08_clip164_start7_602_169_774.mp4,Standing
CORDEMAIS_202404051200_D08_clip219_start1613_299_1725_499.mp4,Standing
CORDEMAIS_202404051300_D02_clip221_start1204_227_1341_334.mp4,Lying
CORDEMAIS_202404051300_D06_clip82_start338_771_676_1253.mp4,Lying
CORDEMAIS_202404051500_D07_clip116_start941_781_1493_1354.mp4,Standing
CORDEMAIS_202404060900_D03_clip167_start1188_464_1519_894.mp4,Walking
CORDEMAIS_202404061200_D02_clip119_start1176_149_1367_342.mp4,Standing
CORDEMAIS_202404061200_D02_clip147_start1853_513_2033_718.mp4,Lying
CORDEMAIS_202404061200_D02_clip224_start1280_145_1378_395.mp4,Standing
CORDEMAIS_202404061200_D06_clip210_start400_700_638_852.mp4,Lying
CORDEMAIS_202404061200_D06_clip32_start0_830_115_1041.mp4,Lying
CORDEMAIS_202404061600_D07_clip118_start437_817_1029_1242.mp4,Standing
CORDEMAIS_202404070900_D06_clip306_start1311_590_1696_1093.mp4,Scratching
CORDEMAIS_202404070900_D06_clip341_start1065_438_1195_588.mp4,Standing
CORDEMAIS_202404071000_D08_clip277_start1984_504_2178_974.mp4,Feeding
CORDEMAIS_202404071200_D02_clip187_start1218_259_1591_541.mp4,Drinking
CORDEMAIS_202404071300_D08_clip108_start289_456_363_617.mp4,Standing
CORDEMAIS_202404071300_D08_clip146_start525_420_893_869.mp4,Feeding
CORDEMAIS_202404071400_D03_clip206_start2088_530_2312_889.mp4,Standing
CORDEMAIS_202404071500_D05_clip266_start82_162_342_258.mp4,Standing
CORDEMAIS_202404071500_D05_clip72_start1627_185_1796_336.mp4,Standing
CORDEMAIS_202404080900_D05_clip185_start160_575_551_774.mp4,Lying
CORDEMAIS_202404080900_D05_clip281_start899_151_1151_418.mp4,Standing
CORDEMAIS_202404080900_D05_clip42_start1832_569_2178_848.mp4,Lying
CORDEMAIS_202404081000_D08_clip142_start2098_215_2180_295.mp4,Standing
CORDEMAIS_202404081000_D08_clip2_start1761_365_1965_529.mp4,Lying
CORDEMAIS_202404081100_D08_clip179_start1218_310_1348_483.mp4,Standing
CORDEMAIS_202404081400_D02_clip91_start1803_326_2198_708.mp4,Standing
CORDEMAIS_202404081500_D06_clip132_start2130_418_2230_473.mp4,Standing
CORDEMAIS_202404091000_D06_clip239_start1101_437_1200_639.mp4,Standing
CORDEMAIS_202404091100_D06_clip75_start2348_570_2559_830.mp4,Standing
CORDEMAIS_202404091200_D03_clip109_start933_69_999_153.mp4,Feeding
CORDEMAIS_202404091200_D03_clip173_start973_342_1057_446.mp4,Lying
CORDEMAIS_202404091200_D05_clip118_start2337_276_2400_319.mp4,Standing
CORDEMAIS_202404091200_D05_clip11_start267_657_771_1005.mp4,Lying
CORDEMAIS_202404091300_D05_clip167_start1563_126_1689_259.mp4,Standing
CORDEMAIS_202404091300_D05_clip41_start2479_427_2559_588.mp4,Standing
CORDEMAIS_202404091500_D02_clip102_start880_554_1634_1056.mp4,Scratching
CYPRES_202502211300_D06_fixed_clip10_start1015_495_1209_754.mp4,Standing
CYPRES_202502221100_D06_fixed_clip119_start1815_706_2062_1174.mp4,Feeding
CYPRES_202502221100_D06_fixed_clip27_start1645_583_1923_790.mp4,Standing
CYPRES_202502221100_D06_fixed_clip60_start1877_446_1950_499.mp4,Lying
CYPRES_202502221500_D06_fixed_clip270_start2043_645_2212_768.mp4,Lying
CYPRES_202502221500_D06_fixed_clip290_start2224_925_2343_1128.mp4,Feeding
CYPRES_202502231000_D06_fixed_clip107_start259_664_620_1160.mp4,Feeding
CYPRES_202502231000_D06_fixed_clip65_start661_676_835_1204.mp4,Feeding
CYPRES_202502241000_D06_fixed_clip185_start784_689_1375_962.mp4,Standing
CYPRES_202502241100_D03_fixed_clip213_start1333_125_1420_225.mp4,Feeding
CYPRES_202502241100_D03_fixed_clip348_start1545_160_1725_378.mp4,Standing
CYPRES_202502241100_D03_fixed_clip56_start147_184_283_270.mp4,Standing
CYPRES_202502241100_D03_fixed_clip83_start2079_256_2317_418.mp4,Standing
CYPRES_202502241300_D03_fixed_clip215_start1311_124_1467_231.mp4,Feeding
CYPRES_202502241600_D06_fixed_clip226_start693_464_923_547.mp4,Standing
CYPRES_202502261500_D01_fixed_clip266_start867_131_1003_357.mp4,Standing
CYPRES_202502261500_D01_fixed_clip271_start2259_111_2421_252.mp4,Feeding
CYPRES_202502271000_D03_fixed_clip107_start1136_260_1289_378.mp4,Lying
CYPRES_202502271000_D03_fixed_clip107_start388_315_925_715.mp4,Standing
CYPRES_202502271100_D01_fixed_clip226_start1209_106_1395_324.mp4,Standing
CYPRES_202502271100_D01_fixed_clip339_start1253_230_1449_755.mp4,Standing
CYPRES_202502271100_D01_fixed_clip342_start418_400_753_738.mp4,Standing
CYPRES_202502271100_D06_fixed_clip168_start1369_416_1485_552.mp4,Standing
CYPRES_202502271100_D06_fixed_clip356_start1797_707_2216_1005.mp4,Feeding
CYPRES_202502271300_D03_fixed_clip136_start1712_151_1812_327.mp4,Feeding
CYPRES_202502271300_D03_fixed_clip136_start547_225_649_348.mp4,Lying
CYPRES_202502271300_D03_fixed_clip311_start0_354_187_530.mp4,Lying
CYPRES_202502271300_D03_fixed_clip343_start1637_190_1938_382.mp4,Walking
CYPRES_202502271300_D03_fixed_clip60_start679_258_801_338.mp4,Lying
CYPRES_202502271300_D03_fixed_clip75_start1514_180_1723_309.mp4,Standing
CYPRES_202502271500_D01_fixed_clip36_start2044_340_2466_673.mp4,Lying
CYPRES_202502281100_D01_fixed_clip351_start938_556_1937_1075.mp4,Standing
CYPRES_202502281100_D01_fixed_clip78_start1394_85_1664_206.mp4,Standing
CYPRES_202502281100_D06_fixed_clip226_start142_670_483_960.mp4,Standing
CYPRES_202502281100_D06_fixed_clip226_start674_465_987_689.mp4,Standing
CYPRES_202502281100_D06_fixed_clip262_start18_509_205_640.mp4,Standing
CYPRES_202502281400_D03_fixed_clip29_start70_416_258_575.mp4,Lying
CYPRES_202503011100_D01_fixed_clip149_start2187_100_2299_204.mp4,Feeding
CYPRES_202503011100_D01_fixed_clip176_start979_92_1076_135.mp4,Feeding
CYPRES_202503011100_D01_fixed_clip189_start1092_90_1161_229.mp4,Feeding
CYPRES_202503011100_D01_fixed_clip269_start1516_60_1607_167.mp4,Feeding
CYPRES_202503011100_D01_fixed_clip269_start1703_211_1888_332.mp4,Lying
CYPRES_202503011100_D01_fixed_clip272_start400_1046_925_1439.mp4,Lying
CYPRES_202503011100_D01_fixed_clip307_start2188_100_2306_200.mp4,Feeding
CYPRES_202503011100_D01_fixed_clip307_start499_161_648_274.mp4,Standing
CYPRES_202503011100_D01_fixed_clip307_start699_261_895_673.mp4,Standing
CYPRES_202503011100_D01_fixed_clip337_start1324_1004_1947_1439.mp4,Lying
CYPRES_202503011100_D01_fixed_clip40_start1865_281_2246_583.mp4,Lying
CYPRES_202503011200_D03_fixed_clip339_start455_280_652_355.mp4,Lying
CYPRES_202503011200_D03_fixed_clip339_start855_250_1073_354.mp4,Lying
CYPRES_202503011400_D03_fixed_clip137_start2239_250_2344_357.mp4,Feeding
CYPRES_202503011400_D03_fixed_clip44_start1041_309_1120_424.mp4,Lying
CYPRES_202503011400_D03_fixed_clip57_start0_231_71_289.mp4,Feeding
CYPRES_202503011400_D03_fixed_clip57_start223_197_285_288.mp4,Feeding
CYPRES_202503011400_D06_fixed_clip59_start1045_683_1209_1265.mp4,Feeding
CYPRES_202503011600_D03_fixed_clip123_start587_127_675_213.mp4,Standing
CYPRES_202503011600_D03_fixed_clip149_start0_381_47_494.mp4,Standing
CYPRES_202503011600_D03_fixed_clip191_start609_247_781_351.mp4,Lying
CYPRES_202503011600_D03_fixed_clip191_start772_146_883_211.mp4,Standing
CYPRES_202503011600_D03_fixed_clip40_start1992_220_2051_295.mp4,Standing
CYPRES_202503020900_D03_fixed_clip318_start1533_129_1616_300.mp4,Feeding
CYPRES_202503021100_D03_fixed_clip215_start697_251_941_354.mp4,Lying
CYPRES_202503021100_D03_fixed_clip7_start0_829_347_1319.mp4,Lying
CYPRES_202503021200_D06_fixed_clip229_start782_626_958_1033.mp4,Feeding
CYPRES_202503021200_D06_fixed_clip9_start99_392_203_512.mp4,Standing
CYPRES_202503031500_D06_fixed_clip387_start138_650_475_908.mp4,Standing
CYPRES_202503031500_D06_fixed_clip40_start787_665_1023_1220.mp4,Feeding
CYPRES_202503031500_D06_fixed_clip449_start1610_747_1924_972.mp4,Standing
CYPRES_202503041100_D03_fixed_clip114_start182_184_285_259.mp4,Feeding
CYPRES_202503041100_D03_fixed_clip134_start1273_118_1355_283.mp4,Feeding
CYPRES_202503041100_D03_fixed_clip191_start1201_107_1279_273.mp4,Feeding
CYPRES_202503041100_D03_fixed_clip231_start1813_160_1870_265.mp4,Feeding
CYPRES_202503041100_D03_fixed_clip243_start1071_113_1191_212.mp4,Feeding
CYPRES_202503041100_D03_fixed_clip243_start1508_263_1688_403.mp4,Lying
CYPRES_202503041100_D03_fixed_clip63_start168_186_264_260.mp4,Feeding
CYPRES_202503041100_D03_fixed_clip73_start1140_291_1357_404.mp4,Lying
CYPRES_202503041100_D03_fixed_clip80_start1521_134_1598_193.mp4,Feeding
CYPRES_202503041400_D01_fixed_clip182_start446_1122_871_1439.mp4,Lying
CYPRES_202503041400_D01_fixed_clip299_start2151_96_2283_199.mp4,Feeding
CYPRES_202503041400_D03_fixed_clip142_start1436_282_1662_785.mp4,Standing
CYPRES_202503041400_D03_fixed_clip1_start1368_371_1698_685.mp4,Lying
CYPRES_202503041400_D03_fixed_clip216_start791_115_940_172.mp4,Standing
CYPRES_202503041400_D03_fixed_clip253_start1528_1205_2054_1439.mp4,Lying
CYPRES_202503041400_D03_fixed_clip335_start2178_270_2339_420.mp4,Scratching
CYPRES_202503041500_D03_fixed_clip107_start550_401_1261_838.mp4,Standing
CYPRES_202503041500_D03_fixed_clip166_start363_990_1122_1439.mp4,Lying
CYPRES_202503041500_D03_fixed_clip23_start1723_150_1851_331.mp4,Feeding
CYPRES_202503041500_D03_fixed_clip246_start622_349_1067_633.mp4,Lying
CYPRES_202503041500_D03_fixed_clip260_start2088_249_2203_392.mp4,Standing
CYPRES_202503041500_D03_fixed_clip335_start0_905_663_1339.mp4,Lying
CYPRES_202503041500_D06_fixed_clip253_start950_487_1180_586.mp4,Standing
CYPRES_202503041500_D06_fixed_clip283_start1058_681_1359_1204.mp4,Feeding
CYPRES_202503050900_D03_fixed_clip270_start1886_187_2052_294.mp4,Walking
CYPRES_202503051600_D01_fixed_clip253_start320_426_534_757.mp4,Lying
CYPRES_202503051600_D01_fixed_clip35_start0_1035_208_1324.mp4,Lying
CYPRES_202503051600_D01_fixed_clip35_start623_267_887_685.mp4,Standing
CYPRES_202503051600_D01_fixed_clip71_start1392_102_1666_223.mp4,Standing
CYPRES_202503061000_D03_fixed_clip116_start170_181_285_248.mp4,Standing
CYPRES_202503061000_D06_fixed_clip302_start107_428_284_595.mp4,Standing
CYPRES_202503061100_D01_fixed_clip15_start1044_91_1162_247.mp4,Standing
CYPRES_202503061100_D06_fixed_clip10_start114_688_399_1130.mp4,Feeding
CYPRES_202503061100_D06_fixed_clip185_start1631_690_1811_1030.mp4,Feeding
CYPRES_202503061100_D06_fixed_clip245_start2009_710_2371_1104.mp4,Feeding
CYPRES_202503061300_D03_fixed_clip116_start1154_341_1392_631.mp4,Lying
CYPRES_202503061300_D03_fixed_clip116_start399_257_541_344.mp4,Lying
CYPRES_202503061300_D03_fixed_clip270_start596_154_782_258.mp4,Standing
CYPRES_202503061300_D03_fixed_clip53_start857_250_1021_375.mp4,Lying
CYPRES_202503061300_D03_fixed_clip93_start1359_416_1793_785.mp4,Lying
CYPRES_202503061400_D03_fixed_clip56_start2173_497_2435_818.mp4,Lying
CYPRES_202503061400_D03_fixed_clip66_start1129_375_1482_634.mp4,Lying
CYPRES_202503061400_D03_fixed_clip66_start2173_510_2435_818.mp4,Lying
CYPRES_202503061500_D01_fixed_clip100_start1172_76_1275_214.mp4,Standing
CYPRES_202503061500_D01_fixed_clip175_start36_371_195_610.mp4,Standing
CYPRES_202503061500_D01_fixed_clip344_start453_429_738_739.mp4,Lying
CYPRES_202503070900_D03_fixed_clip121_start1246_261_1467_389.mp4,Lying
CYPRES_202503070900_D03_fixed_clip335_start2287_408_2532_974.mp4,Standing
CYPRES_202503071000_D03_fixed_clip181_start1261_121_1401_264.mp4,Feeding
CYPRES_202503071000_D03_fixed_clip330_start417_493_1030_1022.mp4,Walking
CYPRES_202503071300_D06_fixed_clip269_start319_481_426_620.mp4,Standing
CYPRES_202503071300_D06_fixed_clip312_start2223_585_2352_750.mp4,Standing
CYPRES_202503071300_D06_fixed_clip312_start2312_966_2419_1095.mp4,Feeding
CYPRES_202503071400_D06_fixed_clip125_start136_667_258_914.mp4,Standing
CYPRES_202503071400_D06_fixed_clip264_start2368_586_2469_740.mp4,Standing
CYPRES_202503071400_D06_fixed_clip330_start456_576_842_803.mp4,Standing
CYPRES_202503071500_D01_fixed_clip16_start2061_122_2229_253.mp4,Standing
CYPRES_202503071500_D01_fixed_clip201_start1385_64_1467_225.mp4,Feeding
CYPRES_202503071500_D01_fixed_clip320_start1609_215_1762_335.mp4,Lying
CYPRES_202503090900_D01_fixed_clip141_start1750_330_1982_615.mp4,Lying
CYPRES_202503090900_D01_fixed_clip187_start942_238_1156_655.mp4,Standing
CYPRES_202503090900_D01_fixed_clip200_start142_616_941_1050.mp4,Standing
CYPRES_202503090900_D01_fixed_clip269_start0_1069_519_1434.mp4,Lying
CYPRES_202503090900_D01_fixed_clip344_start1093_110_1420_238.mp4,Standing
CYPRES_202503091300_D03_fixed_clip111_start468_350_755_655.mp4,Lying
CYPRES_202503091600_D06_fixed_clip12_start540_677_957_1193.mp4,Feeding
CYPRES_202503100900_D03_fixed_clip14_start1671_146_1760_318.mp4,Feeding
CYPRES_202503100900_D03_fixed_clip182_start102_372_292_692.mp4,Standing
CYPRES_202503100900_D03_fixed_clip246_start1681_147_1769_301.mp4,Feeding
CYPRES_202503100900_D03_fixed_clip259_start827_106_913_252.mp4,Feeding
CYPRES_202503100900_D03_fixed_clip267_start1147_254_1334_395.mp4,Lying
CYPRES_202503101000_D01_fixed_clip52_start0_1076_385_1439.mp4,Lying
CYPRES_202503101000_D06_fixed_clip134_start2084_730_2346_1134.mp4,Feeding
CYPRES_202503101000_D06_fixed_clip285_start1673_431_1749_483.mp4,Lying
CYPRES_202503101000_D06_fixed_clip288_start1694_435_1746_483.mp4,Lying
CYPRES_202503101100_D01_fixed_clip269_start0_1021_294_1317.mp4,Lying
CYPRES_202503101300_D06_fixed_clip23_start0_672_318_1084.mp4,Feeding
CYPRES_202503101600_D01_fixed_clip309_start159_470_398_724.mp4,Lying
CYPRES_202503101600_D01_fixed_clip331_start480_195_608_398.mp4,Standing
CYPRES_202503101600_D01_fixed_clip347_start1218_252_1447_387.mp4,Lying
CYPRES_202503110900_D03_fixed_clip295_start1636_346_1955_865.mp4,Standing
CYPRES_202503111000_D03_fixed_clip210_start1520_125_1607_284.mp4,Feeding
CYPRES_202503111100_D01_fixed_clip158_start1611_310_2016_594.mp4,Lying
CYPRES_202503111100_D01_fixed_clip21_start2199_235_2374_363.mp4,Lying
CYPRES_202503111100_D01_fixed_clip21_start711_376_975_720.mp4,Lying
CYPRES_202503111100_D01_fixed_clip21_start916_135_963_187.mp4,Standing
CYPRES_202503111100_D01_fixed_clip2_start1457_210_1725_703.mp4,Standing
CYPRES_202503111100_D01_fixed_clip311_start1291_107_1456_300.mp4,Standing
CYPRES_202503111100_D01_fixed_clip36_start747_136_898_231.mp4,Standing
CYPRES_202503111100_D01_fixed_clip55_start684_151_756_290.mp4,Feeding
CYPRES_202503111100_D01_fixed_clip81_start899_101_1030_210.mp4,Feeding
CYPRES_202503111100_D01_fixed_clip84_start1210_308_1553_435.mp4,Lying
CYPRES_202503111100_D01_fixed_clip8_start1929_220_2122_336.mp4,Lying
CYPRES_202503111100_D06_fixed_clip312_start295_666_736_1097.mp4,Feeding
CYPRES_202503111400_D01_fixed_clip137_start276_305_710_802.mp4,Standing
CYPRES_202503120900_D01_fixed_clip322_start449_315_709_676.mp4,Standing
CYPRES_202503121200_D06_fixed_clip126_start1529_434_1741_594.mp4,Standing
CYPRES_202503121200_D06_fixed_clip126_start2137_476_2237_563.mp4,Standing
CYPRES_202503121200_D06_fixed_clip126_start982_396_1283_594.mp4,Standing
CYPRES_202503121200_D06_fixed_clip60_start2118_469_2232_564.mp4,Standing
SAULAIE_202503141600_D08_fixed_clip44_start197_577_320_725.mp4,Lying
SAULAIE_202503141600_D08_fixed_clip44_start618_384_772_489.mp4,Lying
SAULAIE_202503151200_D04_fixed_clip17_start313_815_637_1391.mp4,Feeding
SAULAIE_202503151200_D04_fixed_clip17_start423_287_536_370.mp4,Lying
SAULAIE_202503151300_D08_fixed_clip170_start1405_456_1650_713.mp4,Lying
SAULAIE_202503151300_D08_fixed_clip170_start2009_770_2285_1358.mp4,Feeding
SAULAIE_202503151300_D08_fixed_clip35_start867_505_1115_739.mp4,Lying
SAULAIE_202503151500_D03_fixed_clip12_start0_276_142_430.mp4,Standing
SAULAIE_202503151500_D03_fixed_clip303_start1093_851_1405_1439.mp4,Feeding
SAULAIE_202503151500_D03_fixed_clip327_start1509_932_1883_1439.mp4,Feeding
SAULAIE_202503151500_D03_fixed_clip335_start1103_117_1225_268.mp4,Standing
SAULAIE_202503151500_D03_fixed_clip335_start609_117_720_284.mp4,Standing
SAULAIE_202503151500_D03_fixed_clip343_start1973_826_2387_1329.mp4,Feeding
SAULAIE_202503151500_D03_fixed_clip90_start1920_485_2159_704.mp4,Lying
SAULAIE_202503151500_D03_fixed_clip90_start575_131_737_248.mp4,Standing
SAULAIE_202503151600_D01_fixed_clip31_start1743_794_2559_1439.mp4,Walking
SAULAIE_202503151600_D01_fixed_clip324_start2383_318_2466_453.mp4,Feeding
SAULAIE_202503151600_D01_fixed_clip7_start959_194_1102_339.mp4,Feeding
SAULAIE_202503151600_D01_fixed_clip91_start680_384_888_499.mp4,Lying
SAULAIE_202503151600_D08_fixed_clip136_start1103_794_1316_1439.mp4,Feeding
SAULAIE_202503161100_D01_fixed_clip166_start344_556_646_998.mp4,Lying
SAULAIE_202503161100_D01_fixed_clip21_start2348_661_2559_974.mp4,Lying
SAULAIE_202503161100_D01_fixed_clip65_start1972_281_2292_527.mp4,Standing
SAULAIE_202503161100_D03_fixed_clip253_start977_447_1313_708.mp4,Lying
SAULAIE_202503161100_D03_fixed_clip78_start517_176_683_313.mp4,Walking
SAULAIE_202503161100_D03_fixed_clip84_start1208_627_1781_949.mp4,Standing
SAULAIE_202503161200_D03_fixed_clip14_start2328_437_2532_681.mp4,Standing
SAULAIE_202503161200_D03_fixed_clip220_start1298_445_1476_719.mp4,Lying
SAULAIE_202503161200_D03_fixed_clip282_start1022_450_1315_709.mp4,Lying
SAULAIE_202503161200_D03_fixed_clip340_start988_106_1137_264.mp4,Standing
SAULAIE_202503161200_D03_fixed_clip87_start108_316_433_534.mp4,Standing
SAULAIE_202503161200_D03_fixed_clip87_start1368_309_1529_413.mp4,Lying
SAULAIE_202503161200_D03_fixed_clip87_start1956_307_2033_352.mp4,Lying
SAULAIE_202503161200_D03_fixed_clip96_start1743_444_1864_541.mp4,Lying
SAULAIE_202503161300_D01_fixed_clip249_start1098_392_1352_553.mp4,Lying
SAULAIE_202503161300_D01_fixed_clip354_start1064_206_1141_349.mp4,Feeding
SAULAIE_202503161300_D03_fixed_clip239_start1329_215_1492_367.mp4,Standing
SAULAIE_202503161300_D03_fixed_clip239_start2257_517_2479_775.mp4,Standing
SAULAIE_202503161300_D03_fixed_clip288_start1058_305_1190_422.mp4,Lying
SAULAIE_202503161600_D01_fixed_clip104_start1661_216_1810_366.mp4,Feeding
SAULAIE_202503161600_D01_fixed_clip125_start1850_415_2042_554.mp4,Lying
SAULAIE_202503161600_D01_fixed_clip311_start2213_287_2290_334.mp4,Feeding
SAULAIE_202503161600_D01_fixed_clip347_start1616_399_1870_505.mp4,Lying
SAULAIE_202503161600_D01_fixed_clip347_start2455_345_2515_460.mp4,Feeding
SAULAIE_202503161600_D01_fixed_clip60_start582_546_971_984.mp4,Lying
SAULAIE_202503170900_D03_fixed_clip131_start1521_461_1911_720.mp4,Standing
SAULAIE_202503171300_D08_fixed_clip275_start1742_219_1834_296.mp4,Lying
SAULAIE_202503171300_D08_fixed_clip354_start1297_805_1538_1439.mp4,Feeding
SAULAIE_202503171300_D08_fixed_clip45_start1262_339_1395_424.mp4,Lying
SAULAIE_202503181000_D01_fixed_clip32_start2399_438_2559_595.mp4,Standing
SAULAIE_202503181000_D04_fixed_clip4_start1333_305_1606_450.mp4,Standing
SAULAIE_202503181000_D04_fixed_clip4_start2140_796_2475_1118.mp4,Feeding
SAULAIE_202503181100_D02_fixed_clip145_start1596_562_2264_854.mp4,Lying
SAULAIE_202503181400_D01_fixed_clip233_start1250_381_1509_538.mp4,Lying
SAULAIE_202503181400_D01_fixed_clip282_start1020_197_1113_375.mp4,Feeding
SAULAIE_202503181400_D01_fixed_clip297_start1034_371_1275_488.mp4,Lying
SAULAIE_202503181400_D01_fixed_clip370_start2169_618_2503_1039.mp4,Lying
SAULAIE_202503181400_D01_fixed_clip521_start1059_199_1146_383.mp4,Feeding
SAULAIE_202503181400_D01_fixed_clip64_start480_522_1259_1180.mp4,Standing
SAULAIE_202503181400_D03_fixed_clip211_start1830_350_1998_431.mp4,Lying
SAULAIE_202503181400_D03_fixed_clip257_start0_875_372_1439.mp4,Feeding
SAULAIE_202503181400_D03_fixed_clip66_start1679_417_1961_807.mp4,Standing
SAULAIE_202503181600_D04_fixed_clip280_start269_309_336_384.mp4,Lying
SAULAIE_202503181600_D04_fixed_clip329_start1427_488_1586_734.mp4,Lying
SAULAIE_202503181600_D04_fixed_clip344_start2114_523_2252_713.mp4,Lying
SAULAIE_202503190900_D01_fixed_clip120_start891_603_1296_1078.mp4,Lying
SAULAIE_202503190900_D04_fixed_clip265_start2169_616_2389_819.mp4,Walking
SAULAIE_202503190900_D04_fixed_clip435_start1978_710_2160_1011.mp4,Feeding
SAULAIE_202503190900_D08_fixed_clip185_start1067_381_1217_776.mp4,Standing
SAULAIE_202503191100_D02_fixed_clip269_start1592_177_2105_598.mp4,Standing
SAULAIE_202503191100_D02_fixed_clip269_start52_190_107_337.mp4,Feeding
SAULAIE_202503191100_D02_fixed_clip31_start70_587_436_888.mp4,Lying
SAULAIE_202503191100_D04_fixed_clip308_start1791_667_2180_915.mp4,Walking
SAULAIE_202503191300_D04_fixed_clip232_start879_760_1200_1439.mp4,Feeding
SAULAIE_202503191400_D01_fixed_clip10_start1671_214_1758_355.mp4,Feeding
SAULAIE_202503191400_D01_fixed_clip238_start701_371_934_495.mp4,Lying
SAULAIE_202503191400_D01_fixed_clip284_start2283_528_2559_815.mp4,Standing
SAULAIE_202503191400_D01_fixed_clip5_start1637_382_1888_538.mp4,Lying
SAULAIE_202503191400_D01_fixed_clip85_start836_585_1330_1048.mp4,Lying
SAULAIE_202503191600_D02_fixed_clip18_start1590_758_2332_1174.mp4,Lying
SAULAIE_202503191600_D02_fixed_clip38_start1698_367_2116_624.mp4,Lying
SAULAIE_202503191600_D04_fixed_clip223_start58_531_203_751.mp4,Lying
SAULAIE_202503200900_D02_fixed_clip110_start1698_371_2096_627.mp4,Lying
SAULAIE_202503200900_D02_fixed_clip123_start21_340_202_469.mp4,Lying
SAULAIE_202503200900_D02_fixed_clip3_start1608_730_2384_1219.mp4,Lying
SAULAIE_202503200900_D02_fixed_clip82_start127_607_470_967.mp4,Lying
SAULAIE_202503200900_D04_fixed_clip129_start1556_389_1697_471.mp4,Lying
SAULAIE_202503200900_D04_fixed_clip237_start1517_259_1707_375.mp4,Walking
SAULAIE_202503200900_D04_fixed_clip30_start1412_486_1568_723.mp4,Lying
SAULAIE_202503200900_D04_fixed_clip327_start200_534_344_739.mp4,Lying
SAULAIE_202503200900_D04_fixed_clip327_start2150_526_2300_713.mp4,Lying
SAULAIE_202503201100_D01_fixed_clip289_start2292_300_2361_425.mp4,Feeding
SAULAIE_202503201100_D01_fixed_clip50_start1317_201_1403_349.mp4,Feeding
SAULAIE_202503201100_D04_fixed_clip116_start2278_546_2461_754.mp4,Lying
SAULAIE_202503201100_D04_fixed_clip157_start2188_967_2423_1107.mp4,Feeding
SAULAIE_202503201300_D02_fixed_clip38_start617_175_933_284.mp4,Lying
SAULAIE_202503201300_D02_fixed_clip46_start349_176_449_281.mp4,Lying
SAULAIE_202503201400_D08_fixed_clip131_start1458_449_1645_685.mp4,Lying
SAULAIE_202503201400_D08_fixed_clip175_start1457_487_1645_686.mp4,Lying
SAULAIE_202503201400_D08_fixed_clip228_start1660_211_1723_290.mp4,Lying
SAULAIE_202503201400_D08_fixed_clip60_start993_219_1083_304.mp4,Lying
SAULAIE_202503201600_D08_fixed_clip174_start996_164_1111_309.mp4,Standing
SAULAIE_202503201600_D08_fixed_clip435_start543_783_812_1323.mp4,Feeding
SAULAIE_202503201600_D08_fixed_clip483_start2328_750_2559_1269.mp4,Feeding
SAULAIE_202503211000_D01_fixed_clip521_start2434_331_2498_471.mp4,Feeding
SAULAIE_202503211000_D01_fixed_clip69_start907_516_1282_980.mp4,Lying
SAULAIE_202503211100_D02_fixed_clip84_start813_19_1120_153.mp4,Lying
SAULAIE_202503211500_D02_fixed_clip0_start363_157_459_239.mp4,Lying
SAULAIE_202503211500_D02_fixed_clip18_start250_183_391_342.mp4,Lying
SAULAIE_202503211500_D02_fixed_clip18_start70_531_569_932.mp4,Lying
SAULAIE_202503211500_D02_fixed_clip308_start1558_395_2080_616.mp4,Lying
SAULAIE_202503220900_D03_fixed_clip131_start1080_466_1271_732.mp4,Lying
SAULAIE_202503220900_D03_fixed_clip249_start1679_500_1868_699.mp4,Lying
SAULAIE_202503220900_D03_fixed_clip249_start1840_361_2130_463.mp4,Lying
SAULAIE_202503220900_D03_fixed_clip272_start1455_446_1712_703.mp4,Other
SAULAIE_202503220900_D03_fixed_clip276_start556_127_692_258.mp4,Standing
SAULAIE_202503220900_D03_fixed_clip314_start1053_300_1250_430.mp4,Lying
SAULAIE_202503220900_D03_fixed_clip54_start212_485_572_895.mp4,Walking
SAULAIE_202503221100_D04_fixed_clip157_start1983_425_2091_507.mp4,Lying
SAULAIE_202503221100_D04_fixed_clip249_start659_854_1209_1374.mp4,Feeding
SAULAIE_202503221100_D04_fixed_clip38_start710_813_990_1308.mp4,Feeding
SAULAIE_202503221400_D04_fixed_clip122_start1441_794_1648_1305.mp4,Feeding
SAULAIE_202503221400_D04_fixed_clip122_start825_816_1063_1439.mp4,Feeding
SAULAIE_202503221400_D04_fixed_clip142_start2219_376_2325_501.mp4,Standing
SAULAIE_202503221400_D04_fixed_clip142_start904_385_1029_493.mp4,Self-grooming
SAULAIE_202503221400_D04_fixed_clip145_start1524_389_1662_494.mp4,Lying
SAULAIE_202503221400_D04_fixed_clip145_start2005_318_2071_411.mp4,Self-grooming
SAULAIE_202503221400_D04_fixed_clip145_start987_250_1116_354.mp4,Standing
SAULAIE_202503221400_D04_fixed_clip51_start879_795_1109_1439.mp4,Feeding
SAULAIE_202503230900_D02_fixed_clip124_start223_200_372_316.mp4,Standing
SAULAIE_202503230900_D03_fixed_clip159_start1502_762_1906_1285.mp4,Standing
SAULAIE_202503230900_D03_fixed_clip197_start1299_496_1519_711.mp4,Lying
SAULAIE_202503230900_D03_fixed_clip95_start181_350_377_612.mp4,Drinking
SAULAIE_202503231100_D04_fixed_clip183_start1121_381_1310_645.mp4,Standing
SAULAIE_202503231500_D02_fixed_clip260_start108_507_533_903.mp4,Lying
SAULAIE_202503231500_D04_fixed_clip227_start703_266_782_353.mp4,Lying
SAULAIE_202503240900_D01_fixed_clip312_start1086_370_1271_579.mp4,Lying
SAULAIE_202503240900_D01_fixed_clip312_start293_533_720_973.mp4,Lying
SAULAIE_202503240900_D03_fixed_clip190_start1059_442_1307_724.mp4,Lying
SAULAIE_202503240900_D03_fixed_clip308_start1811_341_1995_451.mp4,Lying
SAULAIE_202503240900_D03_fixed_clip34_start1787_254_1875_403.mp4,Standing
SAULAIE_202503240900_D03_fixed_clip65_start1058_445_1310_725.mp4,Lying
SAULAIE_202503240900_D03_fixed_clip71_start2444_827_2559_1389.mp4,Feeding
SAULAIE_202503240900_D04_fixed_clip123_start339_539_496_759.mp4,Lying
SAULAIE_202503240900_D04_fixed_clip231_start2311_570_2519_719.mp4,Lying
SAULAIE_202503240900_D04_fixed_clip270_start1119_254_1318_379.mp4,Standing
SAULAIE_202503251000_D04_fixed_clip108_start342_526_479_744.mp4,Lying
SAULAIE_202503251000_D04_fixed_clip134_start2126_417_2302_515.mp4,Lying
SAULAIE_202503251000_D04_fixed_clip253_start1436_407_1571_503.mp4,Lying
SAULAIE_202503251000_D04_fixed_clip268_start125_858_522_1439.mp4,Feeding
SAULAIE_202503251000_D04_fixed_clip293_start215_328_292_395.mp4,Standing
SAULAIE_202503251000_D04_fixed_clip307_start1966_420_2070_496.mp4,Lying
SAULAIE_202503251000_D04_fixed_clip63_start1797_546_1927_782.mp4,Standing
SAULAIE_202503251000_D04_fixed_clip91_start1956_440_2038_495.mp4,Lying
SAULAIE_202503251100_D08_fixed_clip266_start1699_719_1938_1149.mp4,Standing
SAULAIE_202503251400_D03_fixed_clip145_start1184_301_1360_410.mp4,Lying
SAULAIE_202503251400_D03_fixed_clip146_start1006_445_1297_723.mp4,Lying
SAULAIE_202503251400_D03_fixed_clip307_start1831_314_2026_439.mp4,Lying
SAULAIE_202503251400_D03_fixed_clip359_start1937_495_2151_705.mp4,Lying
SAULAIE_202503260900_D01_fixed_clip37_start1822_228_1936_373.mp4,Feeding
SAULAIE_202503260900_D03_fixed_clip232_start751_898_995_1439.mp4,Feeding
SAULAIE_202503260900_D03_fixed_clip414_start810_885_1057_1439.mp4,Feeding
SAULAIE_202503260900_D03_fixed_clip55_start1528_917_1835_1439.mp4,Feeding
SAULAIE_202503260900_D03_fixed_clip55_start960_205_1052_399.mp4,Standing
SAULAIE_202503260900_D08_fixed_clip205_start867_365_969_451.mp4,Lying
SAULAIE_202503260900_D08_fixed_clip282_start716_367_1003_482.mp4,Lying
SAULAIE_202503260900_D08_fixed_clip28_start1443_465_1639_693.mp4,Lying
SAULAIE_202503261000_D04_fixed_clip130_start1750_799_2045_1237.mp4,Feeding
SAULAIE_202503261000_D04_fixed_clip94_start1834_530_2045_723.mp4,Lying
SAULAIE_202503271100_D02_fixed_clip346_start472_121_551_179.mp4,Lying
BUISSON_202410161200_D04_clip54_start1542_345_1654_430.mp4,Lying
BUISSON_202410161200_D04_clip54_start1663_539_1890_789.mp4,Lying
BUISSON_202410161200_D04_clip76_start747_256_825_313.mp4,Standing
BUISSON_202410170900_D01_fixed_clip14_start1157_343_1448_625.mp4,Lying
BUISSON_202410170900_D05_clip0_start2087_330_2220_457.mp4,Standing
BUISSON_202410170900_D05_clip302_start943_402_1280_585.mp4,Walking
BUISSON_202410170900_D05_clip341_start2090_570_2529_918.mp4,Feeding
BUISSON_202410171000_D04_clip179_start239_316_362_473.mp4,Standing
BUISSON_202410171200_D03_clip131_start1588_712_1784_1359.mp4,Feeding
BUISSON_202410171200_D03_clip208_start2063_716_2319_1347.mp4,Feeding
BUISSON_202410171200_D03_clip98_start114_849_239_1093.mp4,Feeding
BUISSON_202410171400_D04_clip178_start1861_391_1972_515.mp4,Lying
BUISSON_202410171400_D05_clip291_start582_417_871_643.mp4,Standing
BUISSON_202410171400_D05_clip66_start606_275_753_382.mp4,Standing
BUISSON_202410171500_D05_clip225_start836_560_1278_898.mp4,Feeding
BUISSON_202410180900_D01_fixed_clip108_start828_1066_1622_1435.mp4,Lying
BUISSON_202410180900_D01_fixed_clip247_start1191_144_1362_359.mp4,Standing
BUISSON_202410180900_D02_fixed_clip446_start1196_355_1421_793.mp4,Standing
BUISSON_202410180900_D04_clip232_start206_345_363_465.mp4,Lying
BUISSON_202410180900_D04_clip232_start551_415_694_515.mp4,Lying
BUISSON_202410180900_D04_clip274_start1311_445_1563_629.mp4,Lying
BUISSON_202410180900_D04_clip274_start2018_418_2185_538.mp4,Lying
BUISSON_202410180900_D04_clip284_start1311_454_1563_638.mp4,Lying
BUISSON_202410180900_D04_clip49_start382_425_487_538.mp4,Lying
BUISSON_202410181000_D02_fixed_clip130_start1726_180_1808_352.mp4,Feeding
BUISSON_202410181000_D02_fixed_clip130_start1982_178_2062_313.mp4,Feeding
BUISSON_202410181000_D02_fixed_clip183_start1172_365_1405_463.mp4,Lying
BUISSON_202410181300_D05_clip311_start1311_377_1574_454.mp4,Lying
BUISSON_202410181300_D05_clip8_start97_469_309_553.mp4,Scratching
BUISSON_202410181400_D05_clip362_start2436_345_2531_519.mp4,Drinking
BUISSON_202410181500_D01_fixed_clip200_start0_296_310_480.mp4,Standing
BUISSON_202410181500_D01_fixed_clip308_start187_390_480_649.mp4,Lying
BUISSON_202410181600_D05_clip34_start1290_170_1448_318.mp4,Scratching
BUISSON_202410190900_D01_fixed_clip174_start804_276_1028_403.mp4,Lying
BUISSON_202410190900_D01_fixed_clip187_start1871_348_2203_610.mp4,Lying
BUISSON_202410190900_D01_fixed_clip322_start2222_363_2434_599.mp4,Lying
BUISSON_202410190900_D02_fixed_clip248_start1569_180_1652_299.mp4,Feeding
BUISSON_202410190900_D02_fixed_clip264_start219_361_267_404.mp4,Feeding
BUISSON_202410190900_D02_fixed_clip268_start2102_193_2178_293.mp4,Feeding
BUISSON_202410190900_D02_fixed_clip268_start719_400_1028_636.mp4,Lying
BUISSON_202410190900_D02_fixed_clip348_start719_399_1048_639.mp4,Lying
BUISSON_202410190900_D06_clip161_start1137_246_1289_431.mp4,Feeding
BUISSON_202410190900_D06_clip36_start250_470_380_649.mp4,Feeding
BUISSON_202410190900_D06_clip38_start1587_191_1643_345.mp4,Feeding
BUISSON_202410190900_D06_clip38_start1723_453_1971_758.mp4,Lying
BUISSON_202410191000_D03_clip116_start517_555_661_699.mp4,Lying
BUISSON_202410191000_D05_clip124_start260_582_338_918.mp4,Feeding
BUISSON_202410191000_D05_clip235_start2090_480_2389_879.mp4,Feeding
BUISSON_202410191000_D06_clip40_start649_349_794_455.mp4,Feeding
BUISSON_202410191100_D03_clip229_start178_691_438_1114.mp4,Feeding
BUISSON_202410191100_D03_clip470_start748_591_898_705.mp4,Lying
BUISSON_202410191100_D04_clip122_start1209_408_1350_687.mp4,Standing
BUISSON_202410191100_D04_clip218_start1555_353_1704_430.mp4,Lying
BUISSON_202410191100_D04_clip92_start1213_399_1360_698.mp4,Standing
BUISSON_202410191100_D06_clip217_start1752_172_1881_284.mp4,Feeding
BUISSON_202410191100_D06_clip237_start1974_166_2044_263.mp4,Feeding
BUISSON_202410191100_D06_clip307_start141_499_261_788.mp4,Feeding
BUISSON_202410191100_D06_clip307_start1476_400_1706_513.mp4,Lying
BUISSON_202410191100_D06_clip322_start1542_192_1710_268.mp4,Feeding
BUISSON_202410191100_D06_clip354_start1290_232_1396_394.mp4,Feeding
BUISSON_202410191400_D04_clip27_start443_535_955_811.mp4,Feeding
BUISSON_202410191400_D04_clip67_start210_240_328_299.mp4,Standing
BUISSON_202410200900_D01_fixed_clip111_start2280_220_2400_280.mp4,Feeding
BUISSON_202410200900_D01_fixed_clip163_start0_406_202_683.mp4,Scratching
BUISSON_202410200900_D01_fixed_clip224_start1228_135_1443_354.mp4,Standing
BUISSON_202410200900_D02_fixed_clip135_start1418_451_1651_774.mp4,Lying
BUISSON_202410200900_D02_fixed_clip199_start1371_360_1581_469.mp4,Lying
BUISSON_202410200900_D02_fixed_clip304_start7_430_54_469.mp4,Feeding
BUISSON_202410200900_D02_fixed_clip98_start597_436_843_678.mp4,Lying
BUISSON_202410200900_D03_clip255_start2196_530_2403_725.mp4,Lying
BUISSON_202410200900_D03_clip295_start2111_710_2301_1239.mp4,Feeding
BUISSON_202410200900_D03_clip34_start1809_380_1946_469.mp4,Lying
BUISSON_202410201000_D03_clip158_start384_681_736_1154.mp4,Feeding
BUISSON_202410201000_D04_clip306_start1498_451_1714_558.mp4,Lying
BUISSON_202410201000_D04_clip525_start1341_593_1589_987.mp4,Feeding
BUISSON_202410201400_D04_clip222_start311_505_729_873.mp4,Feeding
BUISSON_202410201400_D04_clip22_start1380_380_1509_739.mp4,Standing
BUISSON_202410201400_D04_clip247_start0_575_48_699.mp4,Feeding
BUISSON_202410210900_D02_fixed_clip137_start600_396_743_489.mp4,Lying
BUISSON_202410210900_D02_fixed_clip256_start2479_286_2559_341.mp4,Self-grooming
BUISSON_202410210900_D02_fixed_clip302_start1102_190_1239_353.mp4,Feeding
BUISSON_202410210900_D02_fixed_clip87_start953_267_1120_364.mp4,Walking
BUISSON_202410211000_D02_fixed_clip106_start2045_180_2122_373.mp4,Feeding
BUISSON_202410211000_D02_fixed_clip106_start354_338_402_396.mp4,Feeding
BUISSON_202410211000_D02_fixed_clip52_start1717_173_1802_353.mp4,Feeding
BUISSON_202410211100_D01_fixed_clip45_start881_329_1211_590.mp4,Lying
BUISSON_202410211100_D03_clip35_start2041_740_2559_1009.mp4,Standing
BUISSON_202410211100_D06_clip429_start2286_437_2400_644.mp4,Walking
BUISSON_202410211300_D01_fixed_clip250_start2267_402_2522_704.mp4,Lying
BUISSON_202410211300_D06_clip158_start179_686_726_1045.mp4,Standing
BUISSON_202410211400_D06_clip136_start432_445_836_733.mp4,Scratching
BUISSON_202410211600_D02_fixed_clip303_start223_355_292_406.mp4,Feeding
BUISSON_202410211600_D02_fixed_clip95_start483_587_949_943.mp4,Walking
BUISSON_202410211600_D03_clip198_start1071_696_1330_1303.mp4,Feeding
BUISSON_202410211600_D03_clip230_start1874_540_2128_753.mp4,Lying
BUISSON_202410220900_D03_clip220_start240_687_673_1105.mp4,Feeding
BUISSON_202410220900_D03_clip49_start120_610_297_794.mp4,Standing
BUISSON_202410221000_D06_clip3_start1564_265_1731_374.mp4,Standing
BUISSON_202410221000_D06_clip3_start2099_166_2167_255.mp4,Feeding
BUISSON_202410221100_D02_fixed_clip301_start1984_185_2063_243.mp4,Feeding
BUISSON_202410221300_D01_fixed_clip329_start267_216_337_289.mp4,Feeding
BUISSON_202410230900_D02_fixed_clip240_start640_259_743_289.mp4,Feeding
BUISSON_202410230900_D02_fixed_clip86_start289_455_523_642.mp4,Lying
BUISSON_202410231000_D02_fixed_clip267_start1741_166_1858_354.mp4,Feeding
BUISSON_202410231100_D01_fixed_clip167_start1840_145_1919_232.mp4,Feeding
BUISSON_202410231100_D01_fixed_clip167_start2055_165_2163_255.mp4,Feeding
BUISSON_202410231100_D01_fixed_clip241_start0_283_177_398.mp4,Standing
BUISSON_202410231100_D01_fixed_clip309_start657_160_753_412.mp4,Standing
BUISSON_202410231100_D06_clip145_start1397_205_1527_371.mp4,Feeding
BUISSON_202410231500_D06_clip267_start1458_249_1635_342.mp4,Standing
BUISSON_202410231500_D06_clip38_start129_770_793_1250.mp4,Drinking
BUISSON_202410231500_D06_clip38_start1875_230_1978_301.mp4,Standing
BUISSON_202410241100_D01_fixed_clip333_start1973_158_2047_240.mp4,Feeding
BUISSON_202410241200_D05_clip216_start1638_630_1812_1143.mp4,Feeding
BUISSON_202410241200_D05_clip31_start1811_573_2096_1176.mp4,Feeding
BUISSON_202410241200_D05_clip409_start1284_390_1538_559.mp4,Lying
BUISSON_202410250900_D03_clip41_start1911_370_2027_475.mp4,Lying
BUISSON_202410251000_D02_fixed_clip102_start1014_366_1138_456.mp4,Lying
BUISSON_202410251000_D02_fixed_clip184_start295_336_352_375.mp4,Feeding
BUISSON_202410251000_D02_fixed_clip198_start2203_191_2292_299.mp4,Feeding
BUISSON_202410251000_D02_fixed_clip245_start1572_170_1654_220.mp4,Feeding
BUISSON_202410251100_D05_clip188_start81_700_198_849.mp4,Feeding
BUISSON_202410251100_D05_clip33_start0_717_67_894.mp4,Feeding
BUISSON_202410251100_D05_clip33_start603_292_683_389.mp4,Standing
BUISSON_202410251500_D04_clip217_start1484_498_1666_688.mp4,Lying
BUISSON_202410251600_D02_fixed_clip21_start142_528_220_606.mp4,Lying
BUISSON_202410251600_D02_fixed_clip27_start588_389_767_479.mp4,Lying
BUISSON_202410251600_D05_clip182_start1813_273_2033_473.mp4,Self-grooming
BUISSON_202410251600_D05_clip182_start2053_282_2273_505.mp4,Standing
BUISSON_202410251600_D05_clip193_start1289_555_1847_1113.mp4,Feeding
BUISSON_202410251600_D05_clip222_start418_570_807_999.mp4,Feeding
BUISSON_202410251600_D05_clip304_start838_406_1010_558.mp4,Lying
BUISSON_202410261000_D03_clip119_start382_691_479_877.mp4,Feeding
BUISSON_202410261000_D03_clip126_start1191_325_1287_558.mp4,Standing
BUISSON_202410261000_D03_clip129_start1237_719_1516_1305.mp4,Feeding
BUISSON_202410261000_D03_clip207_start2169_615_2273_729.mp4,Lying
BUISSON_202410261000_D03_clip207_start2330_716_2559_1180.mp4,Feeding
BUISSON_202410261000_D03_clip344_start1524_705_1820_1249.mp4,Feeding
BUISSON_202410261100_D03_clip93_start2102_518_2267_734.mp4,Lying
BUISSON_202410261200_D01_fixed_clip535_start1871_363_2221_694.mp4,Lying
BUISSON_202410261300_D04_clip118_start1566_457_1710_564.mp4,Lying
BUISSON_202410261300_D04_clip353_start536_521_774_985.mp4,Feeding
BUISSON_202410261600_D02_fixed_clip19_start961_221_1032_352.mp4,Feeding
BUISSON_202410261600_D02_fixed_clip236_start1611_232_1932_429.mp4,Walking
BUISSON_202410271200_D03_clip140_start366_605_630_796.mp4,Standing
BUISSON_202410271200_D03_clip184_start2025_602_2308_874.mp4,Standing
BUISSON_202410271200_D05_clip302_start170_614_331_944.mp4,Feeding
BUISSON_202410271500_D03_clip316_start83_691_558_1015.mp4,Feeding
BUISSON_202410271600_D01_fixed_clip219_start1600_125_1870_255.mp4,Standing
BUISSON_202410271600_D01_fixed_clip88_start1093_147_1412_218.mp4,Standing
BUISSON_202410281000_D04_clip134_start2097_498_2220_749.mp4,Scratching
BUISSON_202410281000_D04_clip192_start802_371_923_445.mp4,Lying
BUISSON_202410281000_D04_clip325_start2291_476_2442_560.mp4,Lying
BUISSON_202410281000_D06_clip31_start1833_166_1901_259.mp4,Feeding
BUISSON_202410281000_D06_clip32_start1133_521_1337_693.mp4,Lying
BUISSON_202410281000_D06_clip32_start2022_421_2196_596.mp4,Lying
BUISSON_202410281100_D06_clip223_start80_666_678_1254.mp4,Standing
BUISSON_202410281100_D06_clip73_start2036_430_2214_634.mp4,Lying
BUISSON_202410281400_D03_clip160_start1030_455_1186_715.mp4,Standing
BUISSON_202410281400_D03_clip90_start51_689_212_865.mp4,Feeding
BUISSON_202410281600_D02_fixed_clip148_start319_487_445_663.mp4,Lying
BUISSON_202410281600_D02_fixed_clip205_start151_465_318_604.mp4,Lying
BUISSON_202410281600_D03_clip389_start897_595_1061_724.mp4,Lying
COPTIERE_202502050900_D02_clip251_start2150_141_2335_234.mp4,Lying
COPTIERE_202502050900_D02_clip251_start2157_21_2238_144.mp4,Feeding
COPTIERE_202502051000_D01_clip121_start98_310_159_464.mp4,Feeding
COPTIERE_202502051100_D02_clip120_start2019_26_2101_170.mp4,Feeding
COPTIERE_202502051100_D03_clip11_start1181_447_1242_555.mp4,Feeding
COPTIERE_202502051100_D03_clip222_start119_744_272_856.mp4,Lying
COPTIERE_202502051100_D03_clip257_start2043_610_2228_730.mp4,Lying
COPTIERE_202502051100_D03_clip289_start1378_730_1678_923.mp4,Lying
COPTIERE_202502051100_D03_clip289_start1730_625_1998_798.mp4,Lying
COPTIERE_202502051200_D03_clip216_start2043_601_2230_724.mp4,Lying
COPTIERE_202502051200_D03_clip346_start1965_625_2169_750.mp4,Lying
COPTIERE_202502051300_D02_clip172_start2081_270_2552_788.mp4,Lying
COPTIERE_202502051300_D02_clip279_start1433_320_1901_730.mp4,Lying
COPTIERE_202502051400_D02_clip131_start2157_121_2480_763.mp4,Standing
COPTIERE_202502051400_D02_clip349_start71_770_390_929.mp4,Lying
COPTIERE_202502051500_D05_clip377_start693_219_851_618.mp4,Feeding
COPTIERE_202502051600_D04_clip218_start171_219_487_680.mp4,Standing
COPTIERE_202502051600_D06_clip39_start1833_637_2018_825.mp4,Lying
COPTIERE_202502060900_D02_clip220_start2213_24_2285_171.mp4,Feeding
COPTIERE_202502060900_D04_clip229_start210_343_673_658.mp4,Lying
COPTIERE_202502061200_D02_clip192_start1804_136_2018_250.mp4,Lying
COPTIERE_202502061200_D02_clip192_start2187_56_2504_244.mp4,Standing
COPTIERE_202502061200_D02_clip89_start1458_287_1963_659.mp4,Lying
COPTIERE_202502061300_D03_clip173_start1086_750_1270_1010.mp4,Lying
COPTIERE_202502061500_D01_clip169_start454_250_571_385.mp4,Feeding
COPTIERE_202502061500_D01_clip280_start793_241_869_376.mp4,Feeding
COPTIERE_202502071200_D02_clip239_start2303_0_2399_170.mp4,Feeding
COPTIERE_202502071200_D02_clip325_start587_395_746_543.mp4,Lying
COPTIERE_202502071300_D03_clip13_start1519_453_1609_550.mp4,Other
COPTIERE_202502071300_D03_clip22_start491_541_584_664.mp4,Feeding
COPTIERE_202502071300_D03_clip236_start890_625_1010_704.mp4,Lying
COPTIERE_202502071300_D03_clip337_start1121_743_1422_954.mp4,Lying
COPTIERE_202502071300_D03_clip349_start1498_606_1741_864.mp4,Standing
COPTIERE_202502071300_D05_clip183_start847_634_1029_805.mp4,Standing
COPTIERE_202502071300_D05_clip43_start1803_616_1921_761.mp4,Lying
COPTIERE_202502071300_D05_clip93_start107_266_186_543.mp4,Feeding
COPTIERE_202502071400_D04_clip304_start1021_300_1458_663.mp4,Lying
COPTIERE_202502071400_D04_clip344_start1039_286_1464_651.mp4,Lying
COPTIERE_202502071400_D04_clip349_start1573_0_1651_142.mp4,Standing
COPTIERE_202502071500_D01_clip194_start978_225_1059_303.mp4,Feeding
COPTIERE_202502071600_D03_clip255_start399_573_487_683.mp4,Feeding
COPTIERE_202502071600_D03_clip327_start808_599_897_834.mp4,Walking
COPTIERE_202502071600_D04_clip457_start0_315_433_693.mp4,Lying
COPTIERE_202502081000_D03_clip192_start1004_463_1090_575.mp4,Feeding
COPTIERE_202502081000_D03_clip202_start1511_420_1562_501.mp4,Feeding
COPTIERE_202502081000_D03_clip219_start164_620_242_724.mp4,Feeding
COPTIERE_202502081000_D03_clip219_start233_609_291_719.mp4,Feeding
COPTIERE_202502081000_D03_clip323_start1084_462_1138_528.mp4,Feeding
COPTIERE_202502081200_D04_clip306_start1419_174_1821_679.mp4,Standing
COPTIERE_202502081200_D04_clip355_start1110_146_1368_657.mp4,Standing
COPTIERE_202502081200_D04_clip359_start716_331_1119_676.mp4,Lying
COPTIERE_202502081200_D04_clip46_start2319_315_2498_690.mp4,Standing
COPTIERE_202502081200_D04_clip72_start1618_0_1784_104.mp4,Standing
COPTIERE_202502081200_D04_clip72_start769_172_992_664.mp4,Standing
COPTIERE_202502081500_D01_clip179_start1347_238_1581_347.mp4,Standing
COPTIERE_202502091000_D04_clip330_start1549_61_1649_150.mp4,Lying
COPTIERE_202502091000_D04_clip390_start1396_270_1840_689.mp4,Lying
COPTIERE_202502091000_D04_clip46_start1288_295_1701_955.mp4,Standing
COPTIERE_202502091200_D05_clip303_start114_575_255_753.mp4,Standing
COPTIERE_202502091500_D01_clip132_start390_245_690_464.mp4,Standing
COPTIERE_202502091500_D01_clip93_start2195_362_2504_680.mp4,Standing
COPTIERE_202502091500_D02_clip113_start1280_127_1460_243.mp4,Walking
COPTIERE_202502091500_D02_clip143_start459_365_688_599.mp4,Standing
COPTIERE_202502091500_D02_clip305_start2274_29_2430_171.mp4,Feeding
COPTIERE_202502101200_D01_clip40_start357_261_546_420.mp4,Standing
COPTIERE_202502101300_D02_clip327_start98_745_384_892.mp4,Lying
COPTIERE_202502101300_D02_clip73_start324_506_381_554.mp4,Lying
COPTIERE_202502101400_D04_clip5_start1743_305_2017_729.mp4,Lying
COPTIERE_202502101500_D01_clip353_start1369_225_1448_350.mp4,Feeding
COPTIERE_202502110900_D02_clip152_start1378_151_1451_267.mp4,Feeding
COPTIERE_202502110900_D02_clip378_start2053_62_2123_164.mp4,Feeding
COPTIERE_202502111100_D03_clip13_start338_766_545_1148.mp4,Standing
COPTIERE_202502111100_D03_clip97_start1681_569_1892_783.mp4,Standing
COPTIERE_202502111300_D04_clip275_start1492_44_1687_189.mp4,Standing
COPTIERE_202502111300_D04_clip61_start764_268_1109_725.mp4,Lying
COPTIERE_202502111500_D01_clip117_start248_276_381_437.mp4,Feeding
COPTIERE_202502111500_D06_clip40_start1309_641_1479_798.mp4,Lying
COPTIERE_202502120900_D03_clip111_start1173_701_1506_900.mp4,Lying
COPTIERE_202502120900_D03_clip317_start1288_423_1346_517.mp4,Feeding
COPTIERE_202502120900_D03_clip35_start1732_383_1787_432.mp4,Walking
COPTIERE_202502120900_D03_clip65_start2117_362_2160_410.mp4,Feeding
COPTIERE_202502120900_D04_clip134_start2215_368_2525_666.mp4,Lying
COPTIERE_202502121000_D02_clip332_start2408_143_2559_289.mp4,Lying
COPTIERE_202502121000_D05_clip440_start1688_620_2035_781.mp4,Standing
COPTIERE_202502121400_D01_clip272_start648_231_809_383.mp4,Standing
COPTIERE_202502121400_D03_clip150_start90_776_229_868.mp4,Lying
COPTIERE_202502121400_D03_clip185_start1601_434_1709_515.mp4,Standing
COPTIERE_202502121400_D03_clip53_start80_785_188_870.mp4,Lying
COPTIERE_202502121400_D03_clip9_start1874_576_2056_694.mp4,Lying
COPTIERE_202502121400_D03_clip9_start90_780_222_871.mp4,Lying
COPTIERE_202502121500_D01_clip107_start1306_214_1805_453.mp4,Standing
COPTIERE_202502121500_D01_clip535_start18_579_516_1120.mp4,Lying
COPTIERE_202502121500_D02_clip177_start437_396_701_658.mp4,Standing
COPTIERE_202502121600_D05_clip97_start1427_175_1630_659.mp4,Feeding
COPTIERE_202502121600_D05_clip97_start902_451_1295_683.mp4,Walking
COPTIERE_202502131300_D03_clip114_start1031_487_1202_581.mp4,Walking
COPTIERE_202502131300_D03_clip148_start1400_410_1448_490.mp4,Feeding
COPTIERE_202502131300_D03_clip148_start1444_504_1541_575.mp4,Lying
COPTIERE_202502131300_D03_clip148_start2006_354_2069_409.mp4,Feeding
COPTIERE_202502131300_D03_clip204_start1324_660_1509_982.mp4,Standing
COPTIERE_202502131400_D04_clip333_start1625_155_1828_253.mp4,Other
COPTIERE_202502131400_D05_clip189_start169_565_271_719.mp4,Lying
COPTIERE_202502131400_D05_clip286_start1166_345_1325_634.mp4,Feeding
COPTIERE_202502141000_D01_clip97_start562_252_640_399.mp4,Feeding
COPTIERE_202502141000_D01_clip97_start819_231_897_374.mp4,Feeding
COPTIERE_202502141100_D03_clip340_start434_555_497_712.mp4,Feeding
COPTIERE_202502141100_D03_clip366_start1788_589_1962_715.mp4,Lying
COPTIERE_202502141100_D03_clip474_start1609_606_1848_742.mp4,Lying
COPTIERE_202502141300_D02_clip181_start585_362_752_573.mp4,Standing
COPTIERE_202502141300_D02_clip45_start2383_60_2469_211.mp4,Feeding
COPTIERE_202502141400_D06_clip207_start653_631_939_802.mp4,Lying
COPTIERE_202502141400_D06_clip97_start223_335_419_670.mp4,Feeding
COPTIERE_202502141400_D06_clip98_start2289_638_2559_821.mp4,Standing
COPTIERE_202502141600_D05_clip139_start1711_216_1962_712.mp4,Feeding
COPTIERE_202502151000_D02_clip101_start1243_294_1683_671.mp4,Lying
COPTIERE_202502151000_D02_clip336_start2221_46_2302_198.mp4,Feeding
COPTIERE_202502151000_D02_clip336_start392_537_688_907.mp4,Standing
COPTIERE_202502151000_D02_clip48_start1458_438_1865_740.mp4,Lying
COPTIERE_202502151000_D02_clip4_start2073_56_2212_195.mp4,Feeding
COPTIERE_202502151000_D04_clip213_start2296_428_2559_644.mp4,Lying
COPTIERE_202502151000_D04_clip33_start1501_140_1709_209.mp4,Lying
COPTIERE_202502151000_D04_clip63_start631_572_1359_1439.mp4,Self-grooming
COPTIERE_202502151200_D04_clip222_start859_140_1006_228.mp4,Lying
COPTIERE_202502151200_D04_clip30_start404_185_782_643.mp4,Standing
COPTIERE_202502151200_D04_clip72_start212_376_528_704.mp4,Lying
COPTIERE_202502151300_D04_clip501_start1166_121_1381_189.mp4,Lying
COPTIERE_202502151400_D03_clip279_start1213_420_1315_505.mp4,Feeding
COPTIERE_202502151400_D04_clip171_start1636_161_1901_259.mp4,Lying
COPTIERE_202502151400_D04_clip213_start1165_112_1377_220.mp4,Lying
COPTIERE_202502151400_D04_clip228_start436_277_924_705.mp4,Lying
COPTIERE_202502151400_D04_clip261_start1377_350_1900_680.mp4,Lying
COPTIERE_202502151500_D01_clip123_start1477_220_1612_386.mp4,Standing
COPTIERE_202502151500_D01_clip173_start449_256_558_474.mp4,Standing
COPTIERE_202502151500_D01_clip377_start1170_202_1616_429.mp4,Standing
COPTIERE_202502170900_D03_clip179_start452_545_515_694.mp4,Feeding
COPTIERE_202502171000_D02_clip10_start419_339_558_500.mp4,Standing
COPTIERE_202502171400_D04_clip238_start525_155_699_224.mp4,Lying
COPTIERE_202502171400_D04_clip310_start46_430_249_737.mp4,Lying
COPTIERE_202502171500_D01_clip12_start413_477_950_1115.mp4,Lying
COPTIERE_202502171500_D01_clip212_start1700_246_1758_316.mp4,Feeding
COPTIERE_202502171500_D01_clip232_start508_260_577_394.mp4,Feeding
COPTIERE_202502171500_D03_clip140_start942_935_1306_1147.mp4,Lying
COPTIERE_202502171500_D03_clip354_start160_591_300_754.mp4,Feeding
COPTIERE_202502171500_D03_clip63_start925_926_1321_1168.mp4,Lying
COPTIERE_202502171500_D03_clip63_start942_555_1102_663.mp4,Lying
CORDEMAIS_202403201000_D06_clip56_start1794_486_1878_585.mp4,Lying
CORDEMAIS_202403201000_D06_clip95_start630_801_1115_1288.mp4,Lying
CORDEMAIS_202403201300_D01_clip144_start356_675_1414_1365.mp4,Lying
CORDEMAIS_202403201300_D08_clip2_start36_484_187_644.mp4,Standing
CORDEMAIS_202403201300_D08_clip82_start1770_369_1962_531.mp4,Lying
CORDEMAIS_202403201400_D06_clip167_start1868_461_1976_604.mp4,Lying
CORDEMAIS_202403201500_D08_clip237_start2365_408_2487_529.mp4,Lying
CORDEMAIS_202403201500_D08_clip239_start1596_348_1769_529.mp4,Lying
CORDEMAIS_202403210900_D03_clip152_start717_176_789_254.mp4,Lying
CORDEMAIS_202403211000_D05_clip185_start1032_39_1091_120.mp4,Standing
CORDEMAIS_202403211300_D05_clip58_start1057_925_1926_1439.mp4,Standing
CORDEMAIS_202403211300_D08_clip70_start1388_501_1570_984.mp4,Feeding
CORDEMAIS_202403211500_D08_clip168_start2178_266_2238_316.mp4,Lying
CORDEMAIS_202403221200_D03_clip163_start604_995_985_1429.mp4,Lying
CORDEMAIS_202403221300_D08_clip197_start1432_387_1532_539.mp4,Lying
CORDEMAIS_202403221300_D08_clip197_start507_351_673_589.mp4,Standing
CORDEMAIS_202403221300_D08_clip197_start621_437_879_567.mp4,Lying
CORDEMAIS_202403221500_D03_clip64_start200_434_437_544.mp4,Lying
CORDEMAIS_202403221500_D03_clip92_start730_236_900_420.mp4,Lying
CORDEMAIS_202403230900_D02_clip197_start2444_370_2559_554.mp4,Standing
CORDEMAIS_202403231300_D02_clip72_start704_707_1416_1439.mp4,Scratching
CORDEMAIS_202403231300_D06_clip130_start164_589_338_804.mp4,Standing
CORDEMAIS_202403231300_D06_clip179_start2196_398_2298_530.mp4,Standing
CORDEMAIS_202403231400_D05_clip128_start1770_180_1864_314.mp4,Feeding
CORDEMAIS_202403231400_D05_clip164_start315_107_550_309.mp4,Scratching
CORDEMAIS_202403231400_D05_clip200_start1040_286_1443_474.mp4,Lying
CORDEMAIS_202403241200_D05_clip168_start1021_270_1391_474.mp4,Lying
CORDEMAIS_202403241200_D05_clip45_start908_251_1273_415.mp4,Lying
CORDEMAIS_202403241500_D08_clip309_start1092_320_1199_559.mp4,Standing
CORDEMAIS_202403241600_D01_clip187_start671_565_1271_1414.mp4,Lying
CORDEMAIS_202403241600_D02_clip105_start1397_158_1635_289.mp4,Standing
CORDEMAIS_202403250900_D06_clip135_start196_535_402_723.mp4,Standing
CORDEMAIS_202403250900_D06_clip165_start37_550_208_657.mp4,Standing
CORDEMAIS_202403250900_D06_clip50_start201_589_371_719.mp4,Lying
CORDEMAIS_202403251000_D08_clip6_start2290_327_2415_430.mp4,Standing
CORDEMAIS_202403251300_D01_clip231_start456_645_1378_1439.mp4,Lying
CORDEMAIS_202403251300_D01_clip5_start1323_699_2092_1439.mp4,Lying
CORDEMAIS_202403251400_D03_clip10_start847_225_1129_454.mp4,Standing
CORDEMAIS_202403251400_D08_clip210_start692_299_786_369.mp4,Self-grooming
CORDEMAIS_202403261200_D05_clip120_start799_190_996_394.mp4,Lying
CORDEMAIS_202403261200_D05_clip126_start1521_116_1607_234.mp4,Feeding
CORDEMAIS_202403261200_D05_clip168_start640_187_830_309.mp4,Lying
CORDEMAIS_202403261200_D05_clip169_start2479_433_2559_509.mp4,Feeding
CORDEMAIS_202403261200_D05_clip187_start1770_177_1887_310.mp4,Feeding
CORDEMAIS_202403261200_D05_clip232_start1513_182_1737_319.mp4,Standing
CORDEMAIS_202403261200_D05_clip71_start2011_224_2108_294.mp4,Feeding
CORDEMAIS_202403261200_D05_clip92_start1761_186_1915_313.mp4,Feeding
CORDEMAIS_202403261200_D05_clip92_start349_130_555_294.mp4,Scratching
CORDEMAIS_202403261200_D05_clip94_start1760_497_2151_874.mp4,Lying
CORDEMAIS_202403261200_D05_clip95_start1396_101_1475_197.mp4,Feeding
CORDEMAIS_202403261300_D08_clip302_start1086_401_1243_589.mp4,Lying
CORDEMAIS_202403261600_D01_clip138_start2055_0_2346_295.mp4,Lying
CORDEMAIS_202403270900_D03_clip185_start2322_495_2445_676.mp4,Feeding
CORDEMAIS_202403270900_D05_clip216_start2358_650_2559_1099.mp4,Lying
CORDEMAIS_202403270900_D08_clip137_start55_459_184_515.mp4,Walking
CORDEMAIS_202403270900_D08_clip165_start758_354_906_588.mp4,Standing
CORDEMAIS_202403270900_D08_clip52_start1421_372_1616_533.mp4,Lying
CORDEMAIS_202403271300_D02_clip232_start0_1032_442_1439.mp4,Standing
CORDEMAIS_202403281000_D08_clip110_start2102_366_2264_529.mp4,Lying
CORDEMAIS_202403281300_D02_clip196_start1822_407_2167_664.mp4,Lying
CORDEMAIS_202403281300_D03_clip133_start179_154_328_223.mp4,Standing
CORDEMAIS_202403281600_D06_clip175_start1608_496_1740_780.mp4,Walking
CORDEMAIS_202403281600_D06_clip55_start142_706_422_1173.mp4,Standing
CORDEMAIS_202403291200_D05_clip113_start1049_192_1393_460.mp4,Standing
CORDEMAIS_202403291200_D05_clip52_start2018_250_2181_414.mp4,Feeding
CORDEMAIS_202403291200_D05_clip8_start53_290_466_507.mp4,Standing
CORDEMAIS_202403291200_D06_clip185_start2382_476_2534_648.mp4,Standing
CORDEMAIS_202403291300_D08_clip0_start928_509_1269_925.mp4,Feeding
CORDEMAIS_202403291400_D08_clip106_start640_364_780_480.mp4,Standing
CORDEMAIS_202403291400_D08_clip138_start452_519_847_935.mp4,Feeding
CORDEMAIS_202403291400_D08_clip150_start274_566_551_913.mp4,Feeding
CORDEMAIS_202403291400_D08_clip186_start1841_255_1977_345.mp4,Lying
CORDEMAIS_202403301000_D06_clip86_start2329_480_2445_538.mp4,Lying
CORDEMAIS_202403301200_D08_clip111_start1956_370_2125_541.mp4,Lying
CORDEMAIS_202403301200_D08_clip289_start908_385_1110_556.mp4,Lying
CORDEMAIS_202403301300_D07_clip213_start2404_540_2507_773.mp4,Scratching
CORDEMAIS_202403301400_D02_clip176_start2054_386_2338_672.mp4,Standing
CORDEMAIS_202403311000_D01_clip251_start268_529_916_1364.mp4,Lying
CORDEMAIS_202403311000_D02_clip153_start2358_264_2444_334.mp4,Standing
CORDEMAIS_202403311000_D03_clip0_start921_72_999_145.mp4,Feeding
CORDEMAIS_202403311400_D03_clip32_start2043_280_2123_370.mp4,Feeding
CORDEMAIS_202403311400_D03_clip5_start601_145_761_290.mp4,Standing
CORDEMAIS_202403311400_D05_clip92_start1665_221_1883_363.mp4,Standing
CORDEMAIS_202403311500_D01_clip140_start1080_751_2000_1439.mp4,Lying
CORDEMAIS_202403311500_D03_clip211_start493_173_605_249.mp4,Lying
CORDEMAIS_202403311500_D03_clip230_start342_1055_928_1349.mp4,Lying
CORDEMAIS_202403311500_D05_clip183_start1139_65_1217_148.mp4,Feeding
CORDEMAIS_202403311500_D05_clip183_start418_151_519_339.mp4,Standing
CORDEMAIS_202403311500_D05_clip184_start404_90_614_231.mp4,Standing
CORDEMAIS_202403311500_D05_clip37_start2076_275_2187_459.mp4,Feeding
CORDEMAIS_202403311500_D05_clip47_start2160_295_2276_453.mp4,Feeding
CORDEMAIS_202403311500_D05_clip96_start1431_109_1508_209.mp4,Feeding
CORDEMAIS_202404011400_D05_clip206_start1153_92_1275_184.mp4,Standing
CORDEMAIS_202404011400_D05_clip36_start81_260_419_503.mp4,Standing
CORDEMAIS_202404011500_D05_clip268_start410_146_506_317.mp4,Standing
CORDEMAIS_202404011500_D05_clip270_start1496_295_1670_408.mp4,Lying
CORDEMAIS_202404021200_D05_clip123_start1662_328_1767_417.mp4,Lying
CORDEMAIS_202404021200_D05_clip153_start2135_645_2426_1009.mp4,Lying
CORDEMAIS_202404021200_D05_clip188_start2093_588_2433_1013.mp4,Lying
CORDEMAIS_202404021200_D05_clip239_start1592_487_1901_751.mp4,Lying
CORDEMAIS_202404021400_D03_clip31_start201_190_388_273.mp4,Standing
CORDEMAIS_202404021400_D08_clip218_start1608_294_1766_544.mp4,Standing
CORDEMAIS_202404021400_D08_clip35_start556_311_664_390.mp4,Standing
CORDEMAIS_202404021500_D05_clip101_start1050_36_1138_125.mp4,Feeding
CORDEMAIS_202404021500_D05_clip122_start310_825_1105_1194.mp4,Lying
CORDEMAIS_202404021500_D05_clip146_start1151_305_1603_582.mp4,Lying
CORDEMAIS_202404030900_D08_clip115_start614_521_1011_960.mp4,Feeding
CORDEMAIS_202404030900_D08_clip180_start2099_381_2250_541.mp4,Lying
CORDEMAIS_202404030900_D08_clip22_start1241_395_1457_544.mp4,Lying
CORDEMAIS_202404030900_D08_clip42_start1653_302_1787_544.mp4,Standing
CORDEMAIS_202404031100_D02_clip126_start924_216_1074_355.mp4,Lying
CORDEMAIS_202404031100_D02_clip230_start203_576_957_1213.mp4,Scratching
CORDEMAIS_202404031100_D03_clip106_start404_96_491_209.mp4,Standing
CORDEMAIS_202404031100_D03_clip169_start409_969_1017_1390.mp4,Lying
CORDEMAIS_202404031100_D03_clip68_start2173_484_2424_764.mp4,Standing
CORDEMAIS_202404031400_D03_clip163_start1160_454_1547_636.mp4,Lying
CORDEMAIS_202404031400_D05_clip231_start1815_579_2279_854.mp4,Lying
CORDEMAIS_202404031400_D05_clip33_start1903_550_2178_863.mp4,Lying
CORDEMAIS_202404031500_D02_clip72_start467_1000_1872_1439.mp4,Walking
CORDEMAIS_202404031500_D06_clip179_start0_801_134_1093.mp4,Lying
CORDEMAIS_202404031500_D06_clip232_start1937_597_2541_1029.mp4,Standing
CORDEMAIS_202404041300_D07_clip221_start1714_705_2101_1220.mp4,Self-grooming
CORDEMAIS_202404050900_D02_clip88_start1221_206_1351_338.mp4,Lying
CORDEMAIS_202404051300_D06_clip180_start97_691_426_1170.mp4,Standing
CORDEMAIS_202404051400_D08_clip130_start1271_266_1369_314.mp4,Lying
CORDEMAIS_202404051400_D08_clip63_start926_401_1035_478.mp4,Lying
CORDEMAIS_202404051600_D05_clip63_start209_535_699_830.mp4,Lying
CORDEMAIS_202404060900_D03_clip57_start1998_368_2131_533.mp4,Feeding
CORDEMAIS_202404061200_D02_clip294_start1280_145_1381_394.mp4,Standing
CORDEMAIS_202404070900_D06_clip165_start1343_515_1751_845.mp4,Drinking
CORDEMAIS_202404071300_D08_clip98_start1601_394_1796_544.mp4,Lying
CORDEMAIS_202404071500_D06_clip263_start1013_507_1252_805.mp4,Standing
CORDEMAIS_202404071500_D06_clip53_start357_671_592_1173.mp4,Standing
CORDEMAIS_202404081000_D08_clip220_start476_385_664_598.mp4,Standing
CORDEMAIS_202404081100_D08_clip28_start623_371_770_592.mp4,Standing
CORDEMAIS_202404081500_D06_clip81_start631_515_782_677.mp4,Lying
CORDEMAIS_202404081500_D07_clip219_start2480_694_2559_765.mp4,Walking
CORDEMAIS_202404091100_D06_clip217_start1930_916_2559_1439.mp4,Walking
CORDEMAIS_202404091100_D06_clip21_start911_485_1087_640.mp4,Lying
CORDEMAIS_202404091200_D03_clip109_start1120_105_1193_124.mp4,Feeding
CORDEMAIS_202404091200_D05_clip19_start1391_92_1508_204.mp4,Feeding
CORDEMAIS_202404091300_D05_clip193_start1148_50_1237_142.mp4,Feeding
CORDEMAIS_202404091500_D02_clip33_start2287_247_2359_329.mp4,Standing
CYPRES_202502211600_D06_fixed_clip44_start313_672_692_1178.mp4,Feeding
CYPRES_202502221100_D06_fixed_clip118_start2229_720_2436_1109.mp4,Feeding
CYPRES_202502221100_D06_fixed_clip60_start2321_715_2559_815.mp4,Feeding
CYPRES_202502221500_D06_fixed_clip407_start240_547_497_790.mp4,Standing
CYPRES_202502221600_D06_fixed_clip33_start1723_605_2062_815.mp4,Standing
CYPRES_202502231000_D06_fixed_clip107_start683_439_996_603.mp4,Standing
CYPRES_202502241100_D03_fixed_clip213_start1044_251_1199_371.mp4,Lying
CYPRES_202502241100_D03_fixed_clip213_start1176_292_1322_391.mp4,Lying
CYPRES_202502241100_D03_fixed_clip213_start161_294_371_645.mp4,Standing
CYPRES_202502241100_D03_fixed_clip253_start1114_242_1369_394.mp4,Lying
CYPRES_202502241100_D03_fixed_clip253_start1137_376_1402_665.mp4,Lying
CYPRES_202502241100_D03_fixed_clip56_start615_136_801_217.mp4,Standing
CYPRES_202502241600_D06_fixed_clip344_start1610_671_1805_1223.mp4,Feeding
CYPRES_202502251600_D06_fixed_clip39_start1658_476_1864_659.mp4,Standing
CYPRES_202502261500_D01_fixed_clip297_start1182_291_1517_594.mp4,Lying
CYPRES_202502271000_D03_fixed_clip205_start1711_187_1974_409.mp4,Standing
CYPRES_202502271000_D03_fixed_clip205_start206_332_399_528.mp4,Lying
CYPRES_202502271000_D03_fixed_clip272_start1027_147_1274_275.mp4,Walking
CYPRES_202502271000_D03_fixed_clip359_start850_1027_1473_1439.mp4,Lying
CYPRES_202502271000_D03_fixed_clip44_start576_150_763_274.mp4,Standing
CYPRES_202502271100_D01_fixed_clip262_start671_154_889_358.mp4,Standing
CYPRES_202502271100_D01_fixed_clip28_start1939_216_2123_349.mp4,Lying
CYPRES_202502271100_D01_fixed_clip339_start25_376_309_820.mp4,Standing
CYPRES_202502271100_D01_fixed_clip339_start907_255_1092_772.mp4,Standing
CYPRES_202502271100_D01_fixed_clip342_start2093_225_2196_339.mp4,Lying
CYPRES_202502271100_D06_fixed_clip0_start2343_669_2448_788.mp4,Lying
CYPRES_202502271300_D03_fixed_clip11_start1361_116_1458_282.mp4,Feeding
CYPRES_202502271300_D03_fixed_clip136_start1130_236_1367_374.mp4,Lying
CYPRES_202502271300_D03_fixed_clip75_start471_140_555_225.mp4,Feeding
CYPRES_202502271400_D03_fixed_clip141_start692_243_845_354.mp4,Standing
CYPRES_202502271400_D03_fixed_clip141_start333_251_595_572.mp4,Standing
CYPRES_202502271400_D03_fixed_clip202_start864_246_1139_632.mp4,Standing
CYPRES_202502271400_D03_fixed_clip29_start1323_258_1546_394.mp4,Lying
CYPRES_202502271400_D03_fixed_clip429_start1578_166_1859_384.mp4,Walking
CYPRES_202502271600_D06_fixed_clip379_start108_661_371_1128.mp4,Feeding
CYPRES_202502281100_D01_fixed_clip78_start1018_115_1272_334.mp4,Standing
CYPRES_202502281100_D06_fixed_clip105_start14_941_125_1112.mp4,Feeding
CYPRES_202502281100_D06_fixed_clip146_start1343_695_1572_1175.mp4,Feeding
CYPRES_202502281400_D03_fixed_clip127_start29_914_743_1439.mp4,Lying
CYPRES_202502281400_D03_fixed_clip177_start401_151_454_230.mp4,Feeding
CYPRES_202502281400_D03_fixed_clip202_start870_110_959_208.mp4,Feeding
CYPRES_202503011100_D01_fixed_clip296_start1877_295_2248_576.mp4,Lying
CYPRES_202503011100_D01_fixed_clip298_start1148_355_1491_759.mp4,Lying
CYPRES_202503011100_D01_fixed_clip307_start2455_146_2541_269.mp4,Feeding
CYPRES_202503011100_D01_fixed_clip337_start2472_150_2559_244.mp4,Feeding
CYPRES_202503011100_D01_fixed_clip357_start728_256_914_663.mp4,Lying
CYPRES_202503011100_D01_fixed_clip45_start1711_211_1885_328.mp4,Lying
CYPRES_202503011100_D01_fixed_clip5_start2283_121_2412_217.mp4,Feeding
CYPRES_202503011200_D03_fixed_clip179_start1400_390_1732_739.mp4,Lying
CYPRES_202503011200_D03_fixed_clip295_start18_367_150_538.mp4,Lying
CYPRES_202503011200_D03_fixed_clip339_start729_116_868_210.mp4,Feeding
CYPRES_202503011300_D03_fixed_clip239_start1184_149_1384_289.mp4,Standing
CYPRES_202503011400_D03_fixed_clip137_start606_253_685_349.mp4,Lying
CYPRES_202503011400_D03_fixed_clip205_start2179_240_2281_403.mp4,Feeding
CYPRES_202503011400_D03_fixed_clip224_start1523_132_1654_239.mp4,Feeding
CYPRES_202503011400_D03_fixed_clip265_start190_188_249_258.mp4,Feeding
CYPRES_202503011400_D03_fixed_clip269_start1673_548_1920_729.mp4,Lying
CYPRES_202503011400_D03_fixed_clip269_start410_150_475_229.mp4,Feeding
CYPRES_202503011400_D06_fixed_clip321_start281_579_563_793.mp4,Standing
CYPRES_202503011400_D06_fixed_clip356_start2178_697_2399_972.mp4,Feeding
CYPRES_202503011600_D03_fixed_clip10_start0_851_386_1175.mp4,Lying
CYPRES_202503011600_D03_fixed_clip123_start1733_244_1938_854.mp4,Standing
CYPRES_202503011600_D03_fixed_clip123_start2117_454_2462_804.mp4,Lying
CYPRES_202503011600_D03_fixed_clip21_start1517_143_1661_238.mp4,Feeding
CYPRES_202503011600_D03_fixed_clip279_start490_289_675_730.mp4,Standing
CYPRES_202503011600_D03_fixed_clip328_start1033_240_1183_364.mp4,Lying
CYPRES_202503020900_D01_fixed_clip134_start604_180_723_305.mp4,Standing
CYPRES_202503020900_D01_fixed_clip26_start0_660_301_1145.mp4,Standing
CYPRES_202503020900_D01_fixed_clip486_start1302_1056_1928_1439.mp4,Lying
CYPRES_202503021100_D03_fixed_clip352_start1129_374_1429_644.mp4,Lying
CYPRES_202503021200_D06_fixed_clip149_start2169_699_2310_819.mp4,Feeding
CYPRES_202503021200_D06_fixed_clip54_start1938_716_2236_967.mp4,Standing
CYPRES_202503021200_D06_fixed_clip70_start621_547_1020_797.mp4,Standing
CYPRES_202503031000_D06_fixed_clip280_start1364_693_1572_1204.mp4,Feeding
CYPRES_202503031000_D06_fixed_clip285_start200_376_338_474.mp4,Standing
CYPRES_202503031000_D06_fixed_clip342_start578_678_933_1021.mp4,Feeding
CYPRES_202503031000_D06_fixed_clip3_start781_681_972_1068.mp4,Feeding
CYPRES_202503031500_D06_fixed_clip40_start1357_397_1473_546.mp4,Standing
CYPRES_202503031500_D06_fixed_clip40_start1690_754_2092_1123.mp4,Feeding
CYPRES_202503031500_D06_fixed_clip428_start40_642_510_901.mp4,Standing
CYPRES_202503031500_D06_fixed_clip498_start1062_686_1358_1060.mp4,Feeding
CYPRES_202503041100_D03_fixed_clip191_start834_159_1053_271.mp4,Standing
CYPRES_202503041100_D03_fixed_clip246_start2222_251_2343_419.mp4,Scratching
CYPRES_202503041100_D03_fixed_clip246_start250_186_302_244.mp4,Feeding
CYPRES_202503041100_D03_fixed_clip248_start248_186_318_244.mp4,Feeding
CYPRES_202503041100_D03_fixed_clip63_start1708_145_1781_294.mp4,Feeding
CYPRES_202503041400_D01_fixed_clip129_start61_1080_433_1436.mp4,Lying
CYPRES_202503041400_D01_fixed_clip208_start564_156_708_259.mp4,Feeding
CYPRES_202503041400_D01_fixed_clip216_start455_1124_861_1439.mp4,Lying
CYPRES_202503041400_D01_fixed_clip235_start2452_146_2540_235.mp4,Feeding
CYPRES_202503041400_D01_fixed_clip299_start695_146_768_239.mp4,Feeding
CYPRES_202503041400_D01_fixed_clip309_start1455_71_1523_182.mp4,Feeding
CYPRES_202503041400_D01_fixed_clip77_start2133_638_2559_1439.mp4,Standing
CYPRES_202503041400_D03_fixed_clip216_start632_157_743_318.mp4,Standing
CYPRES_202503041400_D03_fixed_clip340_start1467_293_1689_399.mp4,Lying
CYPRES_202503041400_D03_fixed_clip4_start987_255_1188_365.mp4,Lying
CYPRES_202503041500_D03_fixed_clip107_start2450_311_2531_423.mp4,Feeding
CYPRES_202503041500_D03_fixed_clip166_start0_316_132_515.mp4,Standing
CYPRES_202503041500_D03_fixed_clip260_start1119_377_1355_482.mp4,Lying
CYPRES_202503041500_D06_fixed_clip283_start124_673_426_1130.mp4,Feeding
CYPRES_202503050900_D03_fixed_clip132_start130_190_214_274.mp4,Feeding
CYPRES_202503050900_D03_fixed_clip8_start0_370_162_623.mp4,Standing
CYPRES_202503051100_D01_fixed_clip25_start622_153_710_304.mp4,Feeding
CYPRES_202503051100_D01_fixed_clip39_start1984_75_2091_225.mp4,Feeding
CYPRES_202503051600_D01_fixed_clip315_start143_476_344_772.mp4,Lying
CYPRES_202503051600_D01_fixed_clip315_start624_367_1040_727.mp4,Lying
CYPRES_202503051600_D01_fixed_clip315_start763_250_896_375.mp4,Lying
CYPRES_202503051600_D01_fixed_clip342_start2384_914_2559_1363.mp4,Lying
CYPRES_202503051600_D01_fixed_clip342_start328_425_534_756.mp4,Lying
CYPRES_202503051600_D01_fixed_clip67_start2067_115_2231_303.mp4,Standing
CYPRES_202503061000_D03_fixed_clip44_start542_437_1298_884.mp4,Standing
CYPRES_202503061000_D06_fixed_clip302_start1676_435_1830_490.mp4,Lying
CYPRES_202503061100_D06_fixed_clip181_start1798_695_2137_1094.mp4,Feeding
CYPRES_202503061100_D06_fixed_clip245_start1609_725_2061_1095.mp4,Feeding
CYPRES_202503061100_D06_fixed_clip325_start240_570_372_788.mp4,Standing
CYPRES_202503061300_D03_fixed_clip248_start1493_271_1583_373.mp4,Lying
CYPRES_202503061300_D03_fixed_clip93_start1027_109_1129_255.mp4,Feeding
CYPRES_202503061400_D03_fixed_clip56_start819_115_896_208.mp4,Feeding
CYPRES_202503061400_D03_fixed_clip67_start1130_376_1483_635.mp4,Lying
CYPRES_202503070900_D03_fixed_clip92_start321_247_631_430.mp4,Standing
CYPRES_202503071300_D06_fixed_clip358_start976_601_1251_808.mp4,Walking
CYPRES_202503071500_D01_fixed_clip113_start1933_70_2122_229.mp4,Walking
CYPRES_202503071500_D01_fixed_clip143_start1900_215_2087_333.mp4,Lying
CYPRES_202503071500_D01_fixed_clip16_start909_101_1031_237.mp4,Feeding
CYPRES_202503071500_D01_fixed_clip201_start1181_331_1482_737.mp4,Lying
CYPRES_202503090900_D01_fixed_clip187_start1237_346_1482_630.mp4,Lying
CYPRES_202503090900_D01_fixed_clip28_start1311_69_1485_228.mp4,Standing
CYPRES_202503091300_D03_fixed_clip232_start782_392_1177_702.mp4,Self-grooming
CYPRES_202503091600_D06_fixed_clip309_start644_649_923_1190.mp4,Feeding
CYPRES_202503101000_D01_fixed_clip114_start1603_325_2016_629.mp4,Lying
CYPRES_202503101000_D06_fixed_clip288_start1548_682_1773_1144.mp4,Feeding
CYPRES_202503101100_D01_fixed_clip258_start1068_85_1208_226.mp4,Feeding
CYPRES_202503101100_D01_fixed_clip30_start2054_320_2409_604.mp4,Lying
CYPRES_202503101300_D06_fixed_clip169_start387_675_685_1213.mp4,Feeding
CYPRES_202503101300_D06_fixed_clip298_start184_641_337_978.mp4,Feeding
CYPRES_202503101600_D01_fixed_clip275_start1521_236_1772_789.mp4,Standing
CYPRES_202503110900_D03_fixed_clip3_start1705_175_1897_406.mp4,Standing
CYPRES_202503111000_D03_fixed_clip249_start1023_105_1129_254.mp4,Feeding
CYPRES_202503111000_D03_fixed_clip454_start1336_394_1689_674.mp4,Lying
CYPRES_202503111000_D03_fixed_clip95_start1499_131_1599_241.mp4,Feeding
CYPRES_202503111100_D01_fixed_clip181_start678_396_991_659.mp4,Lying
CYPRES_202503111100_D01_fixed_clip284_start1058_97_1278_248.mp4,Standing
CYPRES_202503111100_D01_fixed_clip311_start2249_980_2559_1348.mp4,Lying
CYPRES_202503111100_D01_fixed_clip73_start2227_585_2559_1265.mp4,Standing
CYPRES_202503111400_D01_fixed_clip182_start44_391_350_799.mp4,Standing
CYPRES_202503121200_D06_fixed_clip126_start400_475_660_675.mp4,Standing
SAULAIE_202503141600_D08_fixed_clip13_start1228_361_1402_448.mp4,Lying
SAULAIE_202503141600_D08_fixed_clip13_start863_483_1091_743.mp4,Lying
SAULAIE_202503141600_D08_fixed_clip78_start265_820_471_1253.mp4,Feeding
SAULAIE_202503141600_D08_fixed_clip8_start1545_210_1650_293.mp4,Lying
SAULAIE_202503141600_D08_fixed_clip8_start627_389_741_489.mp4,Lying
SAULAIE_202503151200_D04_fixed_clip17_start2357_374_2454_464.mp4,Standing
SAULAIE_202503151200_D04_fixed_clip315_start108_276_257_403.mp4,Standing
SAULAIE_202503151200_D04_fixed_clip330_start2116_528_2238_712.mp4,Lying
SAULAIE_202503151200_D04_fixed_clip4_start2418_547_2552_740.mp4,Lying
SAULAIE_202503151200_D04_fixed_clip85_start620_408_942_678.mp4,Standing
SAULAIE_202503151300_D02_fixed_clip165_start1700_385_2122_599.mp4,Lying
SAULAIE_202503151300_D02_fixed_clip94_start0_592_487_963.mp4,Lying
SAULAIE_202503151400_D02_fixed_clip266_start1602_524_2169_889.mp4,Lying
SAULAIE_202503151500_D03_fixed_clip275_start864_440_1067_784.mp4,Lying
SAULAIE_202503151500_D03_fixed_clip303_start265_176_391_284.mp4,Standing
SAULAIE_202503151500_D03_fixed_clip335_start1289_433_1561_710.mp4,Lying
SAULAIE_202503151500_D03_fixed_clip335_start547_210_639_330.mp4,Standing
SAULAIE_202503151500_D03_fixed_clip343_start1009_738_1346_1304.mp4,Standing
SAULAIE_202503151500_D03_fixed_clip343_start1288_432_1545_700.mp4,Lying
SAULAIE_202503151500_D03_fixed_clip343_start364_184_512_488.mp4,Other
SAULAIE_202503151600_D08_fixed_clip1_start1461_790_1682_1411.mp4,Feeding
SAULAIE_202503151600_D08_fixed_clip1_start437_508_586_727.mp4,Lying
SAULAIE_202503151600_D08_fixed_clip326_start1901_496_2137_675.mp4,Lying
SAULAIE_202503151600_D08_fixed_clip71_start582_474_839_822.mp4,Standing
SAULAIE_202503161100_D03_fixed_clip223_start1777_466_2057_769.mp4,Lying
SAULAIE_202503161100_D03_fixed_clip51_start1111_911_1440_1439.mp4,Feeding
SAULAIE_202503161200_D03_fixed_clip87_start2427_801_2559_1290.mp4,Feeding
SAULAIE_202503161300_D01_fixed_clip230_start1551_224_1630_359.mp4,Feeding
SAULAIE_202503161300_D01_fixed_clip230_start702_390_845_534.mp4,Lying
SAULAIE_202503161300_D01_fixed_clip354_start1101_392_1278_554.mp4,Lying
SAULAIE_202503161300_D03_fixed_clip10_start2345_588_2480_864.mp4,Self-grooming
SAULAIE_202503161300_D03_fixed_clip162_start1547_149_1688_262.mp4,Standing
SAULAIE_202503161300_D03_fixed_clip162_start889_903_1417_1439.mp4,Feeding
SAULAIE_202503161300_D04_fixed_clip306_start1554_501_1731_714.mp4,Lying
SAULAIE_202503161600_D01_fixed_clip0_start1610_588_1900_974.mp4,Lying
SAULAIE_202503161600_D01_fixed_clip125_start920_375_1092_558.mp4,Lying
SAULAIE_202503161600_D01_fixed_clip22_start1618_590_1900_976.mp4,Lying
SAULAIE_202503170900_D03_fixed_clip322_start1850_923_2381_1234.mp4,Standing
SAULAIE_202503170900_D03_fixed_clip370_start1062_906_1296_1439.mp4,Feeding
SAULAIE_202503170900_D03_fixed_clip525_start1022_140_1102_307.mp4,Standing
SAULAIE_202503171300_D08_fixed_clip275_start1167_205_1279_295.mp4,Lying
SAULAIE_202503171300_D08_fixed_clip304_start1181_245_1278_295.mp4,Lying
SAULAIE_202503171300_D08_fixed_clip305_start1739_216_1835_296.mp4,Lying
SAULAIE_202503171300_D08_fixed_clip355_start998_223_1079_304.mp4,Lying
SAULAIE_202503181000_D01_fixed_clip194_start1582_214_1689_354.mp4,Feeding
SAULAIE_202503181000_D01_fixed_clip32_start712_372_888_564.mp4,Lying
SAULAIE_202503181000_D01_fixed_clip50_start0_466_336_1090.mp4,Standing
SAULAIE_202503181000_D04_fixed_clip27_start1204_304_1286_475.mp4,Walking
SAULAIE_202503181000_D04_fixed_clip440_start1889_774_2122_1314.mp4,Feeding
SAULAIE_202503181100_D02_fixed_clip105_start1627_168_1960_475.mp4,Self-grooming
SAULAIE_202503181100_D02_fixed_clip145_start417_351_660_529.mp4,Lying
SAULAIE_202503181300_D02_fixed_clip242_start1436_85_1612_544.mp4,Other
SAULAIE_202503181300_D02_fixed_clip242_start1699_354_2096_648.mp4,Lying
SAULAIE_202503181400_D01_fixed_clip226_start1893_235_2005_375.mp4,Feeding
SAULAIE_202503181400_D01_fixed_clip279_start1012_365_1304_490.mp4,Lying
SAULAIE_202503181400_D01_fixed_clip297_start303_564_728_1100.mp4,Self-grooming
SAULAIE_202503181400_D01_fixed_clip307_start707_380_906_559.mp4,Lying
SAULAIE_202503181400_D01_fixed_clip64_start1572_570_1901_989.mp4,Lying
SAULAIE_202503181400_D01_fixed_clip64_start1847_269_2079_378.mp4,Standing
SAULAIE_202503181400_D03_fixed_clip2_start0_856_239_1439.mp4,Feeding
SAULAIE_202503181400_D03_fixed_clip66_start792_801_1502_1133.mp4,Walking
SAULAIE_202503181600_D04_fixed_clip113_start2418_416_2528_479.mp4,Standing
SAULAIE_202503181600_D04_fixed_clip131_start2058_762_2258_1331.mp4,Feeding
SAULAIE_202503181600_D04_fixed_clip20_start2102_550_2292_737.mp4,Lying
SAULAIE_202503181600_D04_fixed_clip301_start1690_409_1786_513.mp4,Lying
SAULAIE_202503181600_D04_fixed_clip96_start1531_365_1730_494.mp4,Lying
SAULAIE_202503190900_D01_fixed_clip27_start324_608_809_1079.mp4,Lying
SAULAIE_202503190900_D01_fixed_clip280_start813_205_937_354.mp4,Feeding
SAULAIE_202503190900_D01_fixed_clip44_start1102_375_1277_529.mp4,Lying
SAULAIE_202503190900_D08_fixed_clip338_start1628_458_1835_733.mp4,Standing
SAULAIE_202503190900_D08_fixed_clip51_start889_200_983_346.mp4,Standing
SAULAIE_202503191100_D02_fixed_clip175_start455_0_604_82.mp4,Standing
SAULAIE_202503191400_D01_fixed_clip235_start751_202_830_353.mp4,Feeding
SAULAIE_202503191400_D01_fixed_clip351_start1000_370_1307_490.mp4,Lying
SAULAIE_202503191400_D01_fixed_clip351_start1476_204_1611_397.mp4,Standing
SAULAIE_202503191600_D04_fixed_clip15_start1351_385_1483_458.mp4,Lying
SAULAIE_202503191600_D04_fixed_clip15_start484_400_676_510.mp4,Lying
SAULAIE_202503191600_D04_fixed_clip18_start2356_525_2502_735.mp4,Standing
SAULAIE_202503191600_D04_fixed_clip307_start165_419_408_498.mp4,Lying
SAULAIE_202503200900_D02_fixed_clip274_start0_270_146_573.mp4,Standing
SAULAIE_202503200900_D02_fixed_clip326_start1736_160_1982_375.mp4,Lying
SAULAIE_202503201100_D01_fixed_clip314_start973_204_1061_349.mp4,Feeding
SAULAIE_202503201100_D01_fixed_clip50_start582_235_701_363.mp4,Feeding
SAULAIE_202503201100_D04_fixed_clip116_start738_381_888_499.mp4,Lying
SAULAIE_202503201300_D02_fixed_clip235_start1695_961_2382_1439.mp4,Lying
SAULAIE_202503201400_D08_fixed_clip109_start1191_450_1460_749.mp4,Lying
SAULAIE_202503201400_D08_fixed_clip175_start658_210_720_303.mp4,Standing
SAULAIE_202503201400_D08_fixed_clip61_start191_787_576_1234.mp4,Feeding
SAULAIE_202503211000_D01_fixed_clip211_start915_531_1261_970.mp4,Lying
SAULAIE_202503211000_D01_fixed_clip341_start1128_524_1635_994.mp4,Lying
SAULAIE_202503211300_D03_fixed_clip101_start1646_491_1876_714.mp4,Lying
SAULAIE_202503211300_D03_fixed_clip193_start1049_439_1300_765.mp4,Lying
SAULAIE_202503211500_D02_fixed_clip203_start143_125_390_273.mp4,Standing
SAULAIE_202503220900_D03_fixed_clip346_start1382_321_1513_414.mp4,Lying
SAULAIE_202503220900_D03_fixed_clip346_start680_146_857_275.mp4,Standing
SAULAIE_202503220900_D03_fixed_clip39_start2485_820_2559_1223.mp4,Feeding
SAULAIE_202503220900_D03_fixed_clip90_start126_901_436_1439.mp4,Feeding
SAULAIE_202503221100_D04_fixed_clip354_start2265_540_2377_714.mp4,Lying
SAULAIE_202503221400_D04_fixed_clip142_start587_260_718_359.mp4,Lying
SAULAIE_202503221400_D04_fixed_clip145_start129_437_240_515.mp4,Lying
SAULAIE_202503221400_D04_fixed_clip145_start1664_401_1781_505.mp4,Lying
SAULAIE_202503221400_D04_fixed_clip220_start2080_525_2203_684.mp4,Lying
SAULAIE_202503221400_D04_fixed_clip304_start2511_420_2559_483.mp4,Walking
SAULAIE_202503221500_D02_fixed_clip324_start1697_421_2104_635.mp4,Lying
SAULAIE_202503230900_D02_fixed_clip146_start232_60_391_204.mp4,Standing
SAULAIE_202503230900_D03_fixed_clip159_start1201_222_1358_383.mp4,Standing
SAULAIE_202503230900_D03_fixed_clip273_start1423_826_1767_1294.mp4,Walking
SAULAIE_202503230900_D03_fixed_clip291_start1077_310_1221_408.mp4,Lying
SAULAIE_202503230900_D03_fixed_clip95_start1665_481_1893_728.mp4,Lying
SAULAIE_202503231100_D02_fixed_clip323_start1305_386_2096_815.mp4,Standing
SAULAIE_202503231100_D02_fixed_clip349_start109_281_269_415.mp4,Lying
SAULAIE_202503231100_D04_fixed_clip184_start472_540_691_750.mp4,Lying
SAULAIE_202503231100_D04_fixed_clip511_start177_535_417_759.mp4,Lying
SAULAIE_202503231500_D02_fixed_clip466_start1600_1070_2442_1439.mp4,Lying
SAULAIE_202503231500_D02_fixed_clip53_start508_125_808_378.mp4,Standing
SAULAIE_202503240900_D01_fixed_clip37_start1060_197_1165_346.mp4,Feeding
SAULAIE_202503240900_D03_fixed_clip111_start1209_304_1372_414.mp4,Lying
SAULAIE_202503240900_D03_fixed_clip111_start1291_443_1499_715.mp4,Lying
SAULAIE_202503240900_D03_fixed_clip111_start1608_889_2132_1439.mp4,Feeding
SAULAIE_202503240900_D03_fixed_clip308_start1548_232_1633_412.mp4,Standing
SAULAIE_202503240900_D03_fixed_clip34_start632_219_898_474.mp4,Standing
SAULAIE_202503240900_D03_fixed_clip71_start582_886_835_1439.mp4,Feeding
SAULAIE_202503240900_D04_fixed_clip201_start683_230_760_354.mp4,Standing
SAULAIE_202503241000_D04_fixed_clip229_start2188_790_2450_1193.mp4,Feeding
SAULAIE_202503241000_D04_fixed_clip314_start2172_539_2368_718.mp4,Lying
SAULAIE_202503241000_D04_fixed_clip341_start665_310_729_456.mp4,Standing
SAULAIE_202503241200_D02_fixed_clip105_start235_180_443_304.mp4,Lying
SAULAIE_202503251000_D04_fixed_clip12_start163_554_283_699.mp4,Lying
SAULAIE_202503251000_D04_fixed_clip232_start178_435_280_556.mp4,Lying
SAULAIE_202503251000_D04_fixed_clip307_start1964_519_2195_753.mp4,Lying
SAULAIE_202503251000_D04_fixed_clip340_start121_297_203_403.mp4,Standing
SAULAIE_202503251000_D04_fixed_clip91_start363_406_563_524.mp4,Lying
SAULAIE_202503251100_D08_fixed_clip25_start911_577_1337_854.mp4,Standing
SAULAIE_202503251100_D08_fixed_clip39_start1396_175_1460_290.mp4,Lying
SAULAIE_202503251400_D03_fixed_clip209_start1787_486_2043_745.mp4,Lying
SAULAIE_202503260900_D01_fixed_clip127_start1575_549_1927_999.mp4,Lying
SAULAIE_202503260900_D01_fixed_clip272_start2265_300_2319_421.mp4,Feeding
SAULAIE_202503260900_D01_fixed_clip272_start2302_306_2388_449.mp4,Feeding
SAULAIE_202503260900_D03_fixed_clip170_start1029_461_1298_725.mp4,Lying
SAULAIE_202503260900_D03_fixed_clip232_start221_306_479_513.mp4,Standing
SAULAIE_202503260900_D08_fixed_clip116_start1290_150_1386_297.mp4,Standing
SAULAIE_202503260900_D08_fixed_clip281_start1342_808_1583_1344.mp4,Feeding
SAULAIE_202503260900_D08_fixed_clip281_start1468_370_1609_749.mp4,Standing
SAULAIE_202503260900_D08_fixed_clip29_start692_514_995_778.mp4,Lying
SAULAIE_202503261000_D04_fixed_clip337_start2239_509_2488_742.mp4,Standing
